RISKY NORRIS,
Date,Net asset value
13/02/2018,"1.003,8325"
14/02/2018,"1.013,2619"
15/02/2018,"1.016,1704"
16/02/2018,"1.016,2871"
17/02/2018,"1.016,2728"
18/02/2018,"1.016,2485"
19/02/2018,"1.016,5602"
20/02/2018,"1.009,3996"
21/02/2018,"1.005,3539"
22/02/2018,"1.005,8417"
23/02/2018,"1.015,0739"
24/02/2018,"1.015,0406"
25/02/2018,"1.015,0073"
26/02/2018,"1.024,3427"
27/02/2018,"1.010,5083"
28/02/2018,"1.008,4299"
01/03/2018,"1.001,0885"
02/03/2018,"1.009,2425"
03/03/2018,"1.009,2098"
04/03/2018,"1.009,1771"
05/03/2018,"1.021,7312"
06/03/2018,"1.012,8584"
07/03/2018,"1.023,7703"
08/03/2018,"1.033,7570"
09/03/2018,"1.048,5514"
10/03/2018,"1.048,5172"
11/03/2018,"1.048,4830"
12/03/2018,"1.049,3973"
13/03/2018,"1.041,3334"
14/03/2018,"1.033,0607"
15/03/2018,"1.035,5545"
16/03/2018,"1.042,0649"
17/03/2018,"1.042,0309"
18/03/2018,"1.041,9969"
19/03/2018,"1.033,4983"
20/03/2018,"1.035,3835"
21/03/2018,"1.031,0705"
22/03/2018,"1.008,1697"
23/03/2018,"9,858,578"
24/03/2018,"9,864,178"
25/03/2018,"9,863,879"
26/03/2018,"1.009,0756"
27/03/2018,"9,902,823"
28/03/2018,"9,834,175"
29/03/2018,"9,967,247"
30/03/2018,"9,966,922"
31/03/2018,"9,966,597"
01/04/2018,"9,966,272"
02/04/2018,"9,736,904"
03/04/2018,"9,837,030"
04/04/2018,"9,973,890"
05/04/2018,"1.001,5481"
06/04/2018,"9,828,513"
07/04/2018,"9,828,193"
08/04/2018,"9,827,872"
09/04/2018,"9,859,035"
10/04/2018,"9,967,268"
11/04/2018,"9,902,900"
12/04/2018,"9,950,243"
13/04/2018,"9,908,294"
14/04/2018,"9,907,971"
15/04/2018,"9,907,648"
16/04/2018,"9,977,404"
17/04/2018,"1.004,3979"
18/04/2018,"1.002,3468"
19/04/2018,"9,961,840"
20/04/2018,"9,901,616"
21/04/2018,"9,901,293"
22/04/2018,"9,900,970"
23/04/2018,"9,957,882"
24/04/2018,"9,808,771"
25/04/2018,"9,896,283"
26/04/2018,"1.000,4963"
27/04/2018,"1.004,9590"
28/04/2018,"1.004,9262"
29/04/2018,"1.004,8935"
30/04/2018,"1.005,9208"
01/05/2018,"1.005,8880"
02/05/2018,"1.013,3111"
03/05/2018,"1.013,5188"
04/05/2018,"1.029,4439"
05/05/2018,"1.029,4103"
06/05/2018,"1.029,3767"
07/05/2018,"1.041,8297"
08/05/2018,"1.054,6672"
09/05/2018,"1.059,0225"
10/05/2018,"1.058,5101"
11/05/2018,"1.046,8026"
12/05/2018,"1.046,7685"
13/05/2018,"1.046,7343"
14/05/2018,"1.055,1737"
15/05/2018,"1.063,8428"
16/05/2018,"1.065,9470"
17/05/2018,"1.067,5584"
18/05/2018,"1.072,5259"
19/05/2018,"1.072,4909"
20/05/2018,"1.072,4559"
21/05/2018,"1.072,4210"
22/05/2018,"1.060,5284"
23/05/2018,"1.060,6752"
24/05/2018,"1.057,9498"
25/05/2018,"1.057,7374"
26/05/2018,"1.057,7029"
27/05/2018,"1.057,6685"
28/05/2018,"1.056,1839"
29/05/2018,"1.051,5295"
30/05/2018,"1.064,8667"
31/05/2018,"1.063,7012"
01/06/2018,"1.075,4866"
02/06/2018,"1.075,4515"
03/06/2018,"1.075,4164"
04/06/2018,"1.078,1765"
05/06/2018,"1.085,1324"
06/06/2018,"1.086,2268"
07/06/2018,"1.086,3074"
08/06/2018,"1.088,8973"
09/06/2018,"1.088,8618"
10/06/2018,"1.088,8263"
11/06/2018,"1.094,5378"
12/06/2018,"1.099,1800"
13/06/2018,"1.096,5319"
14/06/2018,"1.099,4320"
15/06/2018,"1.101,6752"
16/06/2018,"1.101,6393"
17/06/2018,"1.101,6034"
18/06/2018,"1.101,3693"
19/06/2018,"1.104,2525"
20/06/2018,"1.103,2125"
21/06/2018,"1.099,1233"
22/06/2018,"1.093,6926"
23/06/2018,"1.093,6569"
24/06/2018,"1.093,6213"
25/06/2018,"1.083,0427"
26/06/2018,"1.085,4871"
27/06/2018,"1.085,9331"
28/06/2018,"1.093,4930"
29/06/2018,"1.098,7168"
30/06/2018,"1.098,6810"
01/07/2018,"1.098,6452"
02/07/2018,"1.098,6094"
03/07/2018,"1.099,3409"
04/07/2018,"1.100,6876"
05/07/2018,"1.110,4343"
06/07/2018,"1.122,4965"
07/07/2018,"1.122,4599"
08/07/2018,"1.122,4233"
09/07/2018,"1.122,8926"
10/07/2018,"1.123,4335"
11/07/2018,"1.119,6530"
12/07/2018,"1.122,6702"
13/07/2018,"1.124,1463"
14/07/2018,"1.124,1097"
15/07/2018,"1.124,0730"
16/07/2018,"1.124,0364"
17/07/2018,"1.134,6648"
18/07/2018,"1.138,1874"
19/07/2018,"1.143,4204"
20/07/2018,"1.138,6552"
21/07/2018,"1.138,6181"
22/07/2018,"1.138,5810"
23/07/2018,"1.145,8382"
24/07/2018,"1.138,3868"
25/07/2018,"1.137,8303"
26/07/2018,"1.131,9225"
27/07/2018,"1.115,1685"
28/07/2018,"1.115,1322"
29/07/2018,"1.115,0958"
30/07/2018,"1.100,9853"
31/07/2018,"1.107,2271"
01/08/2018,"1.109,8537"
02/08/2018,"1.122,8140"
03/08/2018,"1.126,1208"
04/08/2018,"1.126,0841"
05/08/2018,"1.126,0474"
06/08/2018,"1.135,8324"
07/08/2018,"1.131,5111"
08/08/2018,"1.134,1378"
09/08/2018,"1.136,1386"
10/08/2018,"1.141,5594"
11/08/2018,"1.141,5222"
12/08/2018,"1.141,4850"
13/08/2018,"1.145,1912"
14/08/2018,"1.155,5576"
15/08/2018,"1.155,5199"
16/08/2018,"1.159,9166"
17/08/2018,"1.167,4919"
18/08/2018,"1.167,4538"
19/08/2018,"1.167,4538"
20/08/2018,"1.171,5936"
21/08/2018,"1.167,0320"
22/08/2018,"1.160,7052"
23/08/2018,"1.166,6399"
24/08/2018,"1.168,9797"
25/08/2018,"1.168,9416"
26/08/2018,"1.168,9035"
27/08/2018,"1.167,7867"
28/08/2018,"1.171,0032"
29/08/2018,"1.190,3441"
30/08/2018,"1.199,4365"
31/08/2018,"1.207,2381"
01/09/2018,"1.207,1987"
02/09/2018,"1.207,1594"
03/09/2018,"1.212,2708"
04/09/2018,"1.222,4122"
05/09/2018,"1.215,6320"
06/09/2018,"1.204,7734"
07/09/2018,"1.206,8210"
08/09/2018,"1.206,7817"
09/09/2018,"1.206,7423"
10/09/2018,"1.213,2751"
11/09/2018,"1.226,6900"
12/09/2018,"1.213,6153"
13/09/2018,"1.206,7128"
14/09/2018,"1.210,1509"
15/09/2018,"1.210,1115"
16/09/2018,"1.210,0721"
17/09/2018,"1.210,0326"
18/09/2018,"1.209,9932"
19/09/2018,"1.209,9538"
20/09/2018,"1.199,5814"
21/09/2018,"1.185,3813"
22/09/2018,"1.185,3426"
23/09/2018,"1.185,3040"
24/09/2018,"1.183,4392"
25/09/2018,"1.188,9135"
26/09/2018,"1.172,8725"
27/09/2018,"1.172,6227"
28/09/2018,"1.168,5373"
29/09/2018,"1.168,4992"
30/09/2018,"1.168,4611"
01/10/2018,"1.165,1442"
02/10/2018,"1.167,1380"
03/10/2018,"1.171,7647"
04/10/2018,"1.179,8285"
05/10/2018,"1.175,7779"
06/10/2018,"1.175,7395"
07/10/2018,"1.175,7012"
08/10/2018,"1.188,1524"
09/10/2018,"1.192,0244"
10/10/2018,"1.152,3703"
11/10/2018,"1.130,0355"
12/10/2018,"1.138,1052"
13/10/2018,"1.138,0681"
14/10/2018,"1.138,0310"
15/10/2018,"1.137,9939"
16/10/2018,"1.143,7582"
17/10/2018,"1.143,0588"
18/10/2018,"1.133,1862"
19/10/2018,"1.134,8661"
20/10/2018,"1.134,8291"
21/10/2018,"1.134,7921"
22/10/2018,"1.137,2585"
23/10/2018,"1.138,9551"
24/10/2018,"1.104,8546"
25/10/2018,"1.128,4690"
26/10/2018,"1.111,7535"
27/10/2018,"1.111,7172"
28/10/2018,"1.111,6810"
29/10/2018,"1.100,0084"
30/10/2018,"1.125,2368"
31/10/2018,"1.147,3843"
01/11/2018,"1.147,3469"
02/11/2018,"1.147,3095"
03/11/2018,"1.147,2721"
04/11/2018,"1.147,2346"
05/11/2018,"1.131,5298"
06/11/2018,"1.133,7288"
07/11/2018,"1.151,5290"
08/11/2018,"1.148,3303"
09/11/2018,"1.145,2303"
10/11/2018,"1.145,1930"
11/11/2018,"1.145,1557"
12/11/2018,"1.128,8690"
13/11/2018,"1.132,6475"
14/11/2018,"1.122,4618"
15/11/2018,"1.121,6770"
16/11/2018,"1.113,9961"
17/11/2018,"1.113,9598"
18/11/2018,"1.113,9386"
19/11/2018,"1.090,8325"
20/11/2018,"1.074,7503"
21/11/2018,"1.076,5214"
22/11/2018,"1.073,5700"
23/11/2018,"1.076,2114"
24/11/2018,"1.076,1764"
25/11/2018,"1.076,1413"
26/11/2018,"1.096,2990"
27/11/2018,"1.098,6313"
28/11/2018,"1.117,7394"
29/11/2018,"1.111,1160"
30/11/2018,"1.120,6363"
01/12/2018,"1.120,5998"
02/12/2018,"1.120,5633"
03/12/2018,"1.126,6471"
04/12/2018,"1.094,0929"
05/12/2018,"1.098,4694"
06/12/2018,"1.107,3775"
07/12/2018,"1.075,1878"
08/12/2018,"1.075,1528"
09/12/2018,"1.075,1178"
10/12/2018,"1.082,3242"
11/12/2018,"1.087,2304"
12/12/2018,"1.091,7897"
13/12/2018,"1.094,0222"
14/12/2018,"1.082,3568"
15/12/2018,"1.082,3216"
16/12/2018,"1.082,2863"
17/12/2018,"1.056,4598"
18/12/2018,"1.062,1141"
19/12/2018,"1.045,0233"
20/12/2018,"1.028,5180"
21/12/2018,"1.011,7504"
22/12/2018,"1.011,7174"
23/12/2018,"1.011,6844"
24/12/2018,"9,864,944"
25/12/2018,"9,864,623"
26/12/2018,"1.035,5855"
27/12/2018,"1.046,5598"
28/12/2018,"1.045,6389"
29/12/2018,"1.045,6048"
30/12/2018,"1.045,5708"
31/12/2018,"1.045,5367"
01/01/2019,"1.045,5026"
02/01/2019,"1.059,1737"
03/01/2019,"1.035,5381"
04/01/2019,"1.055,6733"
05/01/2019,"1.055,6389"
06/01/2019,"1.055,6045"
07/01/2019,"1.052,1251"
08/01/2019,"1.062,0665"
09/01/2019,"1.064,1509"
10/01/2019,"1.067,4790"
11/01/2019,"1.063,4077"
12/01/2019,"1.063,3730"
13/01/2019,"1.063,3384"
14/01/2019,"1.057,0650"
15/01/2019,"1.066,9528"
16/01/2019,"1.067,4476"
17/01/2019,"1.073,5625"
18/01/2019,"1.084,9121"
19/01/2019,"1.084,8768"
20/01/2019,"1.084,8414"
21/01/2019,"1.088,5074"
22/01/2019,"1.072,7321"
23/01/2019,"1.074,2261"
24/01/2019,"1.076,2019"
25/01/2019,"1.078,1247"
26/01/2019,"1.078,0895"
27/01/2019,"1.078,0544"
28/01/2019,"1.075,9548"
29/01/2019,"1.070,6548"
30/01/2019,"1.083,7609"
31/01/2019,"1.079,5657"
01/02/2019,"1.076,0200"
02/02/2019,"1.075,9849"
03/02/2019,"1.075,9498"
04/02/2019,"1.081,5628"
05/02/2019,"1.084,9749"
06/02/2019,"1.085,2232"
07/02/2019,"1.075,6675"
08/02/2019,"1.079,9838"
09/02/2019,"1.079,9486"
10/02/2019,"1.079,9134"
11/02/2019,"1.087,6828"
12/02/2019,"1.100,4027"
13/02/2019,"1.104,9043"
14/02/2019,"1.110,0025"
15/02/2019,"1.117,3106"
16/02/2019,"1.117,2742"
17/02/2019,"1.117,2378"
18/02/2019,"1.112,3005"
19/02/2019,"1.110,9079"
20/02/2019,"1.106,1243"
21/02/2019,"1.102,3486"
22/02/2019,"1.104,1771"
23/02/2019,"1.104,1411"
24/02/2019,"1.104,1051"
25/02/2019,"1.102,6005"
26/02/2019,"1.102,4336"
27/02/2019,"1.102,4688"
28/02/2019,"1.103,1223"
01/03/2019,"1.116,8093"
02/03/2019,"1.116,7729"
03/03/2019,"1.116,7365"
04/03/2019,"1.116,0433"
05/03/2019,"1.111,9495"
06/03/2019,"1.105,9268"
07/03/2019,"1.102,7997"
08/03/2019,"1.114,5153"
09/03/2019,"1.114,4789"
10/03/2019,"1.114,4426"
11/03/2019,"1.128,6424"
12/03/2019,"1.128,9615"
13/03/2019,"1.133,8673"
14/03/2019,"1.140,8637"
15/03/2019,"1.144,5801"
16/03/2019,"1.144,5428"
17/03/2019,"1.144,5055"
18/03/2019,"1.144,4779"
19/03/2019,"1.141,1650"
20/03/2019,"1.139,4577"
21/03/2019,"1.149,7951"
22/03/2019,"1.146,1531"
23/03/2019,"1.146,1157"
24/03/2019,"1.146,0783"
25/03/2019,"1.146,1834"
26/03/2019,"1.154,6903"
27/03/2019,"1.156,7102"
28/03/2019,"1.156,6930"
29/03/2019,"1.161,5904"
30/03/2019,"1.161,5525"
31/03/2019,"1.161,5147"
01/04/2019,"1.164,4971"
02/04/2019,"1.161,2986"
03/04/2019,"1.158,8342"
04/04/2019,"1.158,9678"
05/04/2019,"1.160,8326"
06/04/2019,"1.160,7948"
07/04/2019,"1.160,7570"
08/04/2019,"1.160,0861"
09/04/2019,"1.154,3715"
10/04/2019,"1.158,6199"
11/04/2019,"1.160,2136"
12/04/2019,"1.161,3058"
13/04/2019,"1.161,2680"
14/04/2019,"1.161,2301"
15/04/2019,"1.164,0924"
16/04/2019,"1.166,9060"
17/04/2019,"1.158,7290"
18/04/2019,"1.163,4085"
19/04/2019,"1.163,3706"
20/04/2019,"1.163,3326"
21/04/2019,"1.163,2947"
22/04/2019,"1.166,9280"
23/04/2019,"1.184,5677"
24/04/2019,"1.190,0311"
25/04/2019,"1.195,0712"
26/04/2019,"1.196,5413"
27/04/2019,"1.196,5023"
28/04/2019,"1.196,4633"
29/04/2019,"1.204,7113"
30/04/2019,"1.205,5368"
01/05/2019,"1.205,4975"
02/05/2019,"1.202,9287"
03/05/2019,"1.207,6740"
04/05/2019,"1.207,6346"
05/05/2019,"1.207,5953"
06/05/2019,"1.207,1982"
07/05/2019,"1.191,4788"
08/05/2019,"1.191,1966"
09/05/2019,"1.190,5121"
10/05/2019,"1.193,7021"
11/05/2019,"1.193,6632"
12/05/2019,"1.193,6243"
13/05/2019,"1.176,1226"
14/05/2019,"1.184,8543"
15/05/2019,"1.192,9456"
16/05/2019,"1.203,1569"
17/05/2019,"1.201,3804"
18/05/2019,"1.201,3413"
19/05/2019,"1.201,3021"
20/05/2019,"1.193,1511"
21/05/2019,"1.193,1122"
22/05/2019,"1.198,5979"
23/05/2019,"1.186,9308"
24/05/2019,"1.183,9272"
25/05/2019,"1.183,8886"
26/05/2019,"1.183,8500"
27/05/2019,"1.186,4949"
28/05/2019,"1.188,5303"
29/05/2019,"1.188,1460"
30/05/2019,"1.190,3204"
31/05/2019,"1.178,0463"
01/06/2019,"1.178,0079"
02/06/2019,"1.177,9695"
03/06/2019,"1.163,8288"
04/06/2019,"1.176,5481"
05/06/2019,"1.179,6266"
06/06/2019,"1.184,8508"
07/06/2019,"1.196,8984"
08/06/2019,"1.196,8594"
09/06/2019,"1.196,8204"
10/06/2019,"1.211,6083"
11/06/2019,"1.205,3143"
12/06/2019,"1.204,7857"
13/06/2019,"1.212,1132"
14/06/2019,"1.213,7780"
15/06/2019,"1.213,7384"
16/06/2019,"1.213,6989"
17/06/2019,"1.212,6063"
18/06/2019,"1.220,8790"
19/06/2019,"1.219,8293"
20/06/2019,"1.215,4208"
21/06/2019,"1.214,7090"
22/06/2019,"1.214,6694"
23/06/2019,"1.214,6298"
24/06/2019,"1.208,8975"
25/06/2019,"1.190,3119"
26/06/2019,"1.192,4207"
27/06/2019,"1.197,0546"
28/06/2019,"1.201,8087"
29/06/2019,"1.201,7696"
30/06/2019,"1.201,7304"
01/07/2019,"1.209,0123"
02/07/2019,"1.218,9270"
03/07/2019,"1.226,0380"
04/07/2019,"1.221,2688"
05/07/2019,"1.229,0824"
06/07/2019,"1.229,0423"
07/07/2019,"1.229,0023"
08/07/2019,"1.227,1812"
09/07/2019,"1.234,7436"
10/07/2019,"1.234,8112"
11/07/2019,"1.232,6481"
12/07/2019,"1.234,8244"
13/07/2019,"1.234,7841"
14/07/2019,"1.234,7439"
15/07/2019,"1.232,0602"
16/07/2019,"1.232,0201"
17/07/2019,"1.224,4404"
18/07/2019,"1.231,0791"
19/07/2019,"1.228,3732"
20/07/2019,"1.228,3331"
21/07/2019,"1.228,2931"
22/07/2019,"1.236,1790"
23/07/2019,"1.249,7347"
24/07/2019,"1.256,1604"
25/07/2019,"1.254,0604"
26/07/2019,"1.267,0922"
27/07/2019,"1.267,0509"
28/07/2019,"1.267,0096"
29/07/2019,"1.265,2287"
30/07/2019,"1.267,4364"
31/07/2019,"1.255,9714"
01/08/2019,"1.252,8247"
02/08/2019,"1.252,8485"
03/08/2019,"1.252,8076"
04/08/2019,"1.252,7668"
05/08/2019,"1.234,7238"
06/08/2019,"1.242,1536"
07/08/2019,"1.248,1596"
08/08/2019,"1.259,1401"
09/08/2019,"1.251,8466"
10/08/2019,"1.251,8058"
11/08/2019,"1.251,7650"
12/08/2019,"1.244,7164"
13/08/2019,"1.249,6637"
14/08/2019,"1.216,6326"
15/08/2019,"1.216,5930"
16/08/2019,"1.235,1444"
17/08/2019,"1.235,1041"
18/08/2019,"1.235,0639"
19/08/2019,"1.255,0267"
20/08/2019,"1.243,1664"
21/08/2019,"1.251,5041"
22/08/2019,"1.256,5807"
23/08/2019,"1.229,3582"
24/08/2019,"1.229,3181"
25/08/2019,"1.229,2781"
26/08/2019,"1.246,8164"
27/08/2019,"1.246,6780"
28/08/2019,"1.259,0202"
29/08/2019,"1.269,4272"
30/08/2019,"1.267,9453"
31/08/2019,"1.267,9040"
01/09/2019,"1.267,8627"
02/09/2019,"1.275,3895"
03/09/2019,"1.268,6930"
04/09/2019,"1.278,3092"
05/09/2019,"1.285,2729"
06/09/2019,"1.275,0648"
07/09/2019,"1.275,0232"
08/09/2019,"1.274,9816"
09/09/2019,"1.279,3205"
10/09/2019,"1.281,1859"
11/09/2019,"1.290,5930"
12/09/2019,"1.289,1242"
13/09/2019,"1.280,0137"
14/09/2019,"1.279,9719"
15/09/2019,"1.279,9302"
16/09/2019,"1.278,5423"
17/09/2019,"1.291,3842"
18/09/2019,"1.291,3421"
19/09/2019,"1.291,3000"
20/09/2019,"1.291,2579"
21/09/2019,"1.291,2158"
22/09/2019,"1.291,1737"
23/09/2019,"1.298,1958"
24/09/2019,"1.284,1449"
25/09/2019,"1.301,2424"
26/09/2019,"1.295,9960"
27/09/2019,"1.286,9202"
28/09/2019,"1.287,6878"
29/09/2019,"1.287,6458"
30/09/2019,"1.298,9925"
01/10/2019,"1.286,7908"
02/10/2019,"1.264,5418"
03/10/2019,"1.261,0239"
04/10/2019,"1.270,8146"
05/10/2019,"1.270,7732"
06/10/2019,"1.270,7317"
07/10/2019,"1.268,3377"
08/10/2019,"1.257,1198"
09/10/2019,"1.271,9197"
10/10/2019,"1.274,1496"
11/10/2019,"1.274,2211"
12/10/2019,"1.274,1796"
13/10/2019,"1.274,1381"
14/10/2019,"1.271,5155"
15/10/2019,"1.290,5150"
16/10/2019,"1.293,7152"
17/10/2019,"1.287,8099"
18/10/2019,"1.275,3200"
19/10/2019,"1.275,2784"
20/10/2019,"1.275,2369"
21/10/2019,"1.308,3206"
22/10/2019,"1.308,0355"
23/10/2019,"1.310,7969"
24/10/2019,"1.310,3523"
25/10/2019,"1.320,3569"
26/10/2019,"1.320,3139"
27/10/2019,"1.320,2708"
28/10/2019,"1.325,7801"
29/10/2019,"1.327,3821"
30/10/2019,"1.346,1193"
31/10/2019,"1.346,0754"
01/11/2019,"1.346,0315"
02/11/2019,"1.345,9876"
03/11/2019,"1.345,9438"
04/11/2019,"1.363,2752"
05/11/2019,"1.377,6988"
06/11/2019,"1.373,5219"
07/11/2019,"1.372,0552"
08/11/2019,"1.385,1261"
09/11/2019,"1.385,0810"
10/11/2019,"1.385,0358"
11/11/2019,"1.398,7184"
12/11/2019,"1.444,1980"
13/11/2019,"1.463,0961"
14/11/2019,"1.477,2243"
15/11/2019,"1.454,1968"
16/11/2019,"1.454,1493"
17/11/2019,"1.454,1019"
18/11/2019,"1.439,0753"
19/11/2019,"1.454,7780"
20/11/2019,"1.474,4247"
21/11/2019,"1.468,2010"
22/11/2019,"1.472,4700"
23/11/2019,"1.472,4220"
24/11/2019,"1.472,3739"
25/11/2019,"1.476,7709"
26/11/2019,"1.483,9417"
27/11/2019,"1.513,6300"
28/11/2019,"1.551,9624"
29/11/2019,"1.518,1295"
30/11/2019,"1.518,0800"
01/12/2019,"1.518,0305"
02/12/2019,"1.492,2134"
03/12/2019,"1.479,3193"
04/12/2019,"1.478,1108"
05/12/2019,"1.457,9068"
06/12/2019,"1.461,1081"
07/12/2019,"1.461,0605"
08/12/2019,"1.461,0129"
09/12/2019,"1.442,2826"
10/12/2019,"1.453,3050"
11/12/2019,"1.447,8302"
12/12/2019,"1.451,4445"
13/12/2019,"1.448,7868"
14/12/2019,"1.448,7395"
15/12/2019,"1.448,6923"
16/12/2019,"1.448,9555"
17/12/2019,"1.438,8795"
18/12/2019,"1.430,8964"
19/12/2019,"1.437,7964"
20/12/2019,"1.441,2746"
21/12/2019,"1.441,2276"
22/12/2019,"1.441,1806"
23/12/2019,"1.449,9356"
24/12/2019,"1.440,7708"
25/12/2019,"1.440,7238"
26/12/2019,"1.440,1915"
27/12/2019,"1.435,8755"
28/12/2019,"1.435,8287"
29/12/2019,"1.435,7819"
30/12/2019,"1.437,8469"
31/12/2019,"1.437,8000"
01/01/2020,"1.437,7531"
02/01/2020,"1.464,3731"
03/01/2020,"1.462,3174"
04/01/2020,"1.462,2697"
05/01/2020,"1.462,2221"
06/01/2020,"1.491,1276"
07/01/2020,"1.490,5070"
08/01/2020,"1.486,2906"
09/01/2020,"1.491,6127"
10/01/2020,"1.498,7102"
11/01/2020,"1.498,6613"
12/01/2020,"1.498,6125"
13/01/2020,"1.523,0103"
14/01/2020,"1.511,1203"
15/01/2020,"1.513,2726"
16/01/2020,"1.528,0464"
17/01/2020,"1.528,6966"
18/01/2020,"1.528,6468"
19/01/2020,"1.528,5969"
20/01/2020,"1.525,9005"
21/01/2020,"1.523,9861"
22/01/2020,"1.528,3213"
23/01/2020,"1.530,1640"
24/01/2020,"1.525,5748"
25/01/2020,"1.525,5250"
26/01/2020,"1.525,4753"
27/01/2020,"1.521,8560"
28/01/2020,"1.538,7674"
29/01/2020,"1.538,0950"
30/01/2020,"1.560,3233"
31/01/2020,"1.535,7597"
01/02/2020,"1.535,7097"
02/02/2020,"1.535,6598"
03/02/2020,"1.533,8475"
04/02/2020,"1.541,4467"
05/02/2020,"1.545,5430"
06/02/2020,"1.555,7957"
07/02/2020,"1.564,6682"
08/02/2020,"1.564,6173"
09/02/2020,"1.564,5664"
10/02/2020,"1.588,8235"
11/02/2020,"1.585,3727"
12/02/2020,"1.588,6506"
13/02/2020,"1.599,9681"
14/02/2020,"1.598,4795"
15/02/2020,"1.598,4275"
16/02/2020,"1.598,3756"
17/02/2020,"1.596,8089"
18/02/2020,"1.602,3657"
19/02/2020,"1.612,3028"
20/02/2020,"1.618,2025"
21/02/2020,"1.607,3821"
22/02/2020,"1.607,3299"
23/02/2020,"1.607,2776"
24/02/2020,"1.553,1189"
25/02/2020,"1.505,3199"
26/02/2020,"1.508,5213"
27/02/2020,"1.451,6939"
28/02/2020,"1.448,4683"
29/02/2020,"1.448,4212"
01/03/2020,"1.448,3741"
02/03/2020,"1.511,1936"
03/03/2020,"1.455,7351"
04/03/2020,"1.518,2172"
05/03/2020,"1.489,9923"
06/03/2020,"1.473,9191"
07/03/2020,"1.473,8712"
08/03/2020,"1.473,8233"
09/03/2020,"1.382,7712"
10/03/2020,"1.440,4904"
11/03/2020,"1.375,6499"
12/03/2020,"1.270,5416"
13/03/2020,"1.357,5990"
14/03/2020,"1.357,5549"
15/03/2020,"1.357,5107"
16/03/2020,"1.221,4140"
17/03/2020,"1.297,5104"
18/03/2020,"1.242,1450"
19/03/2020,"1.258,8970"
20/03/2020,"1.185,9439"
21/03/2020,"1.185,9053"
22/03/2020,"1.185,8668"
23/03/2020,"1.174,8049"
24/03/2020,"1.259,9874"
25/03/2020,"1.266,0930"
26/03/2020,"1.322,8988"
27/03/2020,"1.278,2474"
28/03/2020,"1.278,2059"
29/03/2020,"1.278,1643"
30/03/2020,"1.335,1863"
31/03/2020,"1.328,8741"
01/04/2020,"1.288,2490"
02/04/2020,"1.311,1328"
03/04/2020,"1.294,1558"
04/04/2020,"1.294,1137"
05/04/2020,"1.294,0716"
06/04/2020,"1.364,7724"
07/04/2020,"1.346,8782"
08/04/2020,"1.399,2207"
09/04/2020,"1.396,1896"
10/04/2020,"1.396,1442"
11/04/2020,"1.396,0988"
12/04/2020,"1.396,0534"
13/04/2020,"1.397,7523"
14/04/2020,"1.450,3785"
15/04/2020,"1.437,2878"
16/04/2020,"1.438,1984"
17/04/2020,"1.462,9778"
18/04/2020,"1.462,9302"
19/04/2020,"1.462,8826"
20/04/2020,"1.452,7836"
21/04/2020,"1.415,0023"
22/04/2020,"1.441,6348"
23/04/2020,"1.443,3811"
24/04/2020,"1.466,3719"
25/04/2020,"1.466,3242"
26/04/2020,"1.466,2766"
27/04/2020,"1.481,0237"
28/04/2020,"1.459,7343"
29/04/2020,"1.481,6273"
30/04/2020,"1.470,1547"
01/05/2020,"1.470,1069"
02/05/2020,"1.470,0591"
03/05/2020,"1.470,0113"
04/05/2020,"1.441,0952"
05/05/2020,"1.445,5566"
06/05/2020,"1.454,4105"
07/05/2020,"1.468,1485"
08/05/2020,"1.476,7476"
09/05/2020,"1.476,6996"
10/05/2020,"1.476,6516"
11/05/2020,"1.478,0687"
12/05/2020,"1.442,1540"
13/05/2020,"1.416,1062"
14/05/2020,"1.434,7393"
15/05/2020,"1.442,9104"
16/05/2020,"1.442,8635"
17/05/2020,"1.442,8166"
18/05/2020,"1.476,8332"
19/05/2020,"1.463,5709"
20/05/2020,"1.467,3163"
21/05/2020,"1.467,2686"
22/05/2020,"1.457,4751"
23/05/2020,"1.457,4277"
24/05/2020,"1.457,3803"
25/05/2020,"1.453,9327"
26/05/2020,"1.463,2949"
27/05/2020,"1.503,4529"
28/05/2020,"1.494,2511"
29/05/2020,"1.492,4120"
30/05/2020,"1.492,3634"
31/05/2020,"1.492,3149"
01/06/2020,"1.483,4867"
02/06/2020,"1.471,9312"
03/06/2020,"1.462,5398"
04/06/2020,"1.467,0718"
05/06/2020,"1.482,8438"
06/06/2020,"1.482,7956"
07/06/2020,"1.482,7474"
08/06/2020,"1.505,8616"
09/06/2020,"1.505,4019"
10/06/2020,"1.500,2027"
11/06/2020,"1.447,3168"
12/06/2020,"1.475,9067"
13/06/2020,"1.475,8587"
14/06/2020,"1.475,8107"
15/06/2020,"1.500,1994"
16/06/2020,"1.494,6293"
17/06/2020,"1.527,9723"
18/06/2020,"1.555,0636"
19/06/2020,"1.558,4222"
20/06/2020,"1.558,3715"
21/06/2020,"1.558,3208"
22/06/2020,"1.568,5293"
23/06/2020,"1.580,6957"
24/06/2020,"1.548,2800"
25/06/2020,"1.550,6824"
26/06/2020,"1.524,1132"
27/06/2020,"1.524,0637"
28/06/2020,"1.524,0141"
29/06/2020,"1.523,9646"
30/06/2020,"1.576,0282"
01/07/2020,"1.576,0006"
02/07/2020,"1.561,7152"
03/07/2020,"1.556,9884"
04/07/2020,"1.556,9378"
05/07/2020,"1.556,8872"
06/07/2020,"1.578,0900"
07/07/2020,"1.554,5181"
08/07/2020,"1.556,0056"
09/07/2020,"1.547,8590"
10/07/2020,"1.575,6010"
11/07/2020,"1.575,5498"
12/07/2020,"1.575,4986"
13/07/2020,"1.548,2002"
14/07/2020,"1.565,4795"
15/07/2020,"1.578,0178"
16/07/2020,"1.577,9665"
17/07/2020,"1.573,6381"
18/07/2020,"1.573,5870"
19/07/2020,"1.573,5358"
20/07/2020,"1.596,4600"
21/07/2020,"1.575,6439"
22/07/2020,"1.566,1228"
23/07/2020,"1.536,3564"
24/07/2020,"1.525,5675"
25/07/2020,"1.525,5179"
26/07/2020,"1.525,4683"
27/07/2020,"1.548,1037"
28/07/2020,"1.529,4471"
29/07/2020,"1.533,4509"
30/07/2020,"1.524,7459"
31/07/2020,"1.543,0420"
01/08/2020,"1.542,9919"
02/08/2020,"1.542,9417"
03/08/2020,"1.572,5421"
04/08/2020,"1.592,3958"
05/08/2020,"1.614,8665"
06/08/2020,"1.629,7745"
07/08/2020,"1.633,7324"
08/08/2020,"1.633,6792"
09/08/2020,"1.633,6261"
10/08/2020,"1.658,8148"
11/08/2020,"1.634,6116"
12/08/2020,"1.661,8773"
13/08/2020,"1.661,8986"
14/08/2020,"1.666,7637"
15/08/2020,"1.666,7095"
16/08/2020,"1.666,6553"
17/08/2020,"1.694,2576"
18/08/2020,"1.685,0200"
19/08/2020,"1.653,5899"
20/08/2020,"1.665,6508"
21/08/2020,"1.683,9669"
22/08/2020,"1.683,9121"
23/08/2020,"1.683,8574"
24/08/2020,"1.685,8961"
25/08/2020,"1.692,5696"
26/08/2020,"1.722,0611"
27/08/2020,"1.713,4029"
28/08/2020,"1.718,2904"
29/08/2020,"1.718,2345"
30/08/2020,"1.718,1787"
31/08/2020,"1.715,6627"
01/09/2020,"1.727,0818"
02/09/2020,"1.747,1762"
03/09/2020,"1.672,7589"
04/09/2020,"1.653,2150"
05/09/2020,"1.653,1613"
06/09/2020,"1.653,1075"
07/09/2020,"1.652,0065"
08/09/2020,"1.600,9035"
09/09/2020,"1.623,6882"
10/09/2020,"1.591,2119"
11/09/2020,"1.593,4879"
12/09/2020,"1.593,4361"
13/09/2020,"1.593,3843"
14/09/2020,"1.621,0540"
15/09/2020,"1.625,3668"
16/09/2020,"1.615,4530"
17/09/2020,"1.605,1435"
18/09/2020,"1.605,0913"
19/09/2020,"1.605,0391"
20/09/2020,"1.604,9870"
21/09/2020,"1.601,2308"
22/09/2020,"1.621,4245"
23/09/2020,"1.593,9666"
24/09/2020,"1.612,4563"
25/09/2020,"1.639,7676"
26/09/2020,"1.639,7143"
27/09/2020,"1.639,6609"
28/09/2020,"1.662,7978"
29/09/2020,"1.660,9246"
30/09/2020,"1.676,5408"
01/10/2020,"1.692,7395"
02/10/2020,"1.675,5485"
03/10/2020,"1.675,4940"
04/10/2020,"1.675,4395"
05/10/2020,"1.719,2221"
06/10/2020,"1.705,5264"
07/10/2020,"1.732,0289"
08/10/2020,"1.750,5731"
09/10/2020,"1.770,2559"
10/10/2020,"1.770,1984"
11/10/2020,"1.770,1408"
12/10/2020,"1.770,0833"
13/10/2020,"1.802,1240"
14/10/2020,"1.792,4544"
15/10/2020,"1.792,2789"
16/10/2020,"1.773,5991"
17/10/2020,"1.773,5414"
18/10/2020,"1.773,4838"
19/10/2020,"1.735,6127"
20/10/2020,"1.734,2638"
21/10/2020,"1.721,3696"
22/10/2020,"1.718,7707"
23/10/2020,"1.715,1483"
24/10/2020,"1.715,0925"
25/10/2020,"1.715,0367"
26/10/2020,"1.687,3362"
27/10/2020,"1.674,5010"
28/10/2020,"1.623,8679"
29/10/2020,"1.635,8368"
30/10/2020,"1.605,2166"
31/10/2020,"1.605,1644"
01/11/2020,"1.605,1123"
02/11/2020,"1.610,0014"
03/11/2020,"1.617,5485"
04/11/2020,"1.665,9980"
05/11/2020,"1.698,1875"
06/11/2020,"1.722,1967"
07/11/2020,"1.722,1407"
08/11/2020,"1.722,0847"
09/11/2020,"1.698,6632"
10/11/2020,"1.691,5338"
11/11/2020,"1.715,0433"
12/11/2020,"1.702,2843"
13/11/2020,"1.741,2508"
14/11/2020,"1.741,1942"
15/11/2020,"1.741,1375"
16/11/2020,"1.762,9284"
17/11/2020,"1.758,8314"
18/11/2020,"1.725,4865"
19/11/2020,"1.743,0296"
20/11/2020,"1.745,0342"
21/11/2020,"1.744,9775"
22/11/2020,"1.744,9207"
23/11/2020,"1.767,3001"
24/11/2020,"1.800,7841"
25/11/2020,"1.805,7583"
26/11/2020,"1.792,9172"
27/11/2020,"1.809,7739"
28/11/2020,"1.809,7150"
29/11/2020,"1.809,6562"
30/11/2020,"1.811,4406"
01/12/2020,"1.814,1689"
02/12/2020,"1.803,0652"
03/12/2020,"1.800,1468"
04/12/2020,"1.811,9917"
05/12/2020,"1.811,9328"
06/12/2020,"1.811,8739"
07/12/2020,"1.813,3256"
08/12/2020,"1.813,2666"
09/12/2020,"1.777,4917"
10/12/2020,"1.786,3479"
11/12/2020,"1.770,1968"
12/12/2020,"1.770,1392"
13/12/2020,"1.770,0817"
14/12/2020,"1.769,3311"
15/12/2020,"1.796,7266"
16/12/2020,"1.804,4364"
17/12/2020,"1.791,1160"
18/12/2020,"1.789,1983"
19/12/2020,"1.789,1401"
20/12/2020,"1.789,0819"
21/12/2020,"1.803,5386"
22/12/2020,"1.809,6779"
23/12/2020,"1.773,1746"
24/12/2020,"1.762,9713"
25/12/2020,"1.762,9140"
26/12/2020,"1.762,8566"
27/12/2020,"1.762,7993"
28/12/2020,"1.767,7404"
29/12/2020,"1.758,7348"
30/12/2020,"1.769,8528"
31/12/2020,"1.769,7952"
01/01/2021,"1.769,7375"
02/01/2021,"1.769,6798"
03/01/2021,"1.769,6222"
04/01/2021,"1.733,9544"
05/01/2021,"1.751,3021"
06/01/2021,"1.731,7590"
07/01/2021,"1.812,8224"
08/01/2021,"1.838,4439"
09/01/2021,"1.838,3840"
10/01/2021,"1.838,3241"
11/01/2021,"1.835,5871"
12/01/2021,"1.857,9297"
13/01/2021,"1.899,8387"
14/01/2021,"1.891,0568"
15/01/2021,"1.869,0262"
16/01/2021,"1.868,9653"
17/01/2021,"1.868,9043"
18/01/2021,"1.871,4313"
19/01/2021,"1.892,4114"
20/01/2021,"1.909,7447"
21/01/2021,"1.877,6725"
22/01/2021,"1.895,2884"
23/01/2021,"1.895,2267"
24/01/2021,"1.895,1649"
25/01/2021,"1.925,3496"
26/01/2021,"1.909,0096"
27/01/2021,"1.872,1219"
28/01/2021,"1.900,1355"
29/01/2021,"1.846,9512"
30/01/2021,"1.846,8910"
31/01/2021,"1.846,8307"
01/02/2021,"1.885,0224"
02/02/2021,"1.925,6801"
03/02/2021,"1.909,9406"
04/02/2021,"1.949,2599"
05/02/2021,"1.956,0940"
06/02/2021,"1.956,0303"
07/02/2021,"1.955,9665"
08/02/2021,"1.977,7950"
09/02/2021,"1.982,1811"
10/02/2021,"1.969,5227"
11/02/2021,"1.973,0777"
12/02/2021,"1.991,4020"
13/02/2021,"1.991,3371"
14/02/2021,"1.991,2722"
15/02/2021,"1.974,9842"
16/02/2021,"1.969,3152"
17/02/2021,"1.961,2074"
18/02/2021,"1.918,8303"
19/02/2021,"1.918,5857"
20/02/2021,"1.918,5258"
21/02/2021,"1.918,4633"
22/02/2021,"1.868,0545"
23/02/2021,"1.846,0542"
24/02/2021,"1.848,7149"
25/02/2021,"1.792,7690"
26/02/2021,"1.824,4222"
27/02/2021,"1.824,3628"
28/02/2021,"1.824,3033"
01/03/2021,"1.884,4647"
02/03/2021,"1.867,7666"
03/03/2021,"1.830,8997"
04/03/2021,"1.771,8493"
05/03/2021,"1.801,9330"
06/03/2021,"1.801,8742"
07/03/2021,"1.801,8155"
08/03/2021,"1.759,3549"
09/03/2021,"1.822,2807"
10/03/2021,"1.805,4249"
11/03/2021,"1.833,5922"
12/03/2021,"1.818,0568"
13/03/2021,"1.817,9975"
14/03/2021,"1.817,9382"
15/03/2021,"1.842,8574"
16/03/2021,"1.845,9560"
17/03/2021,"1.873,5329"
18/03/2021,"1.803,3866"
19/03/2021,"1.795,7668"
20/03/2021,"1.795,7083"
21/03/2021,"1.795,6497"
22/03/2021,"1.812,4242"
23/03/2021,"1.797,8600"
24/03/2021,"1.762,1448"
25/03/2021,"1.782,1564"
26/03/2021,"1.811,7207"
27/03/2021,"1.811,6617"
28/03/2021,"1.811,6026"
29/03/2021,"1.811,0293"
30/03/2021,"1.808,0451"
31/03/2021,"1.812,2184"
01/04/2021,"1.831,4426"
02/04/2021,"1.831,3829"
03/04/2021,"1.831,3232"
04/04/2021,"1.831,2635"
05/04/2021,"1.855,1156"
06/04/2021,"1.859,1110"
07/04/2021,"1.837,6382"
08/04/2021,"1.845,7442"
09/04/2021,"1.856,0863"
10/04/2021,"1.856,0258"
11/04/2021,"1.855,9653"
12/04/2021,"1.844,9798"
13/04/2021,"1.863,9720"
14/04/2021,"1.843,0890"
15/04/2021,"1.850,2532"
16/04/2021,"1.847,3938"
17/04/2021,"1.847,3336"
18/04/2021,"1.847,2734"
19/04/2021,"1.822,5088"
20/04/2021,"1.795,0735"
21/04/2021,"1.819,3259"
22/04/2021,"1.830,7400"
23/04/2021,"1.879,0905"
24/04/2021,"1.879,0293"
25/04/2021,"1.878,9680"
26/04/2021,"1.879,8890"
27/04/2021,"1.858,9037"
28/04/2021,"1.847,9986"
29/04/2021,"1.855,9568"
30/04/2021,"1.847,0311"
01/05/2021,"1.846,9709"
02/05/2021,"1.846,9106"
03/05/2021,"1.822,2211"
04/05/2021,"1.790,1481"
05/05/2021,"1.782,5383"
06/05/2021,"1.778,3128"
07/05/2021,"1.776,2251"
08/05/2021,"1.776,1672"
09/05/2021,"1.776,1093"
10/05/2021,"1.726,6450"
11/05/2021,"1.742,9742"
12/05/2021,"1.711,6912"
13/05/2021,"1.716,2150"
14/05/2021,"1.747,9727"
15/05/2021,"1.747,9157"
16/05/2021,"1.747,8587"
17/05/2021,"1.769,7351"
18/05/2021,"1.766,1401"
19/05/2021,"1.773,6865"
20/05/2021,"1.809,5824"
21/05/2021,"1.809,5234"
22/05/2021,"1.809,4644"
23/05/2021,"1.809,4054"
24/05/2021,"1.851,2181"
25/05/2021,"1.876,3474"
26/05/2021,"1.883,5120"
27/05/2021,"1.880,7603"
28/05/2021,"1.871,6274"
29/05/2021,"1.871,5664"
30/05/2021,"1.871,5054"
31/05/2021,"1.864,2596"
01/06/2021,"1.868,5503"
02/06/2021,"1.866,3611"
03/06/2021,"1.838,7301"
04/06/2021,"1.859,0818"
05/06/2021,"1.859,0212"
06/06/2021,"1.858,9606"
07/06/2021,"1.859,2733"
08/06/2021,"1.863,2772"
09/06/2021,"1.861,2531"
10/06/2021,"1.883,5323"
11/06/2021,"1.888,5422"
12/06/2021,"1.888,4806"
13/06/2021,"1.888,4191"
14/06/2021,"1.897,0740"
15/06/2021,"1.892,2329"
16/06/2021,"1.882,2278"
17/06/2021,"1.924,9681"
18/06/2021,"1.928,4780"
19/06/2021,"1.928,4151"
20/06/2021,"1.928,3522"
21/06/2021,"1.928,2894"
22/06/2021,"1.956,2234"
23/06/2021,"1.929,0268"
24/06/2021,"1.937,1045"
25/06/2021,"1.946,2947"
26/06/2021,"1.946,2312"
27/06/2021,"1.946,1677"
28/06/2021,"1.946,1043"
29/06/2021,"1.989,7603"
30/06/2021,"1.963,2210"
01/07/2021,"1.980,6860"
02/07/2021,"1.978,4684"
03/07/2021,"1.978,4039"
04/07/2021,"1.978,3394"
05/07/2021,"1.977,1868"
06/07/2021,"1.990,2567"
07/07/2021,"2.001,2497"
08/07/2021,"1.981,4770"
09/07/2021,"1.995,8900"
10/07/2021,"1.995,8250"
11/07/2021,"1.995,7599"
12/07/2021,"1.991,2872"
13/07/2021,"1.991,0644"
14/07/2021,"1.982,5101"
15/07/2021,"1.980,3290"
16/07/2021,"1.980,2644"
17/07/2021,"1.980,1998"
18/07/2021,"1.980,1353"
19/07/2021,"1.956,3430"
20/07/2021,"1.980,1605"
21/07/2021,"2.000,7599"
22/07/2021,"1.986,2430"
23/07/2021,"2.006,0902"
24/07/2021,"2.006,0248"
25/07/2021,"2.005,9594"
26/07/2021,"2.002,4769"
27/07/2021,"1.964,6833"
28/07/2021,"2.013,9701"
29/07/2021,"2.004,4907"
30/07/2021,"2.002,1548"
31/07/2021,"2.002,0895"
01/08/2021,"2.002,0242"
02/08/2021,"2.010,5664"
03/08/2021,"2.051,8158"
04/08/2021,"2.062,9837"
05/08/2021,"2.069,5096"
06/08/2021,"2.079,5915"
07/08/2021,"2.079,5237"
08/08/2021,"2.079,4559"
09/08/2021,"2.096,6254"
10/08/2021,"2.069,2630"
11/08/2021,"2.049,8684"
12/08/2021,"2.045,0605"
13/08/2021,"2.048,4347"
14/08/2021,"2.048,3679"
15/08/2021,"2.048,3012"
16/08/2021,"2.060,8827"
17/08/2021,"2.047,6598"
18/08/2021,"2.029,6006"
19/08/2021,"2.031,3233"
20/08/2021,"2.037,0254"
21/08/2021,"2.036,9590"
22/08/2021,"2.036,8926"
23/08/2021,"2.064,7956"
24/08/2021,"2.077,1015"
25/08/2021,"2.084,4619"
26/08/2021,"2.075,1420"
27/08/2021,"2.096,6102"
28/08/2021,"2.096,5419"
29/08/2021,"2.096,4735"
30/08/2021,"2.093,1018"
31/08/2021,"2.081,5361"
01/09/2021,"2.070,0922"
02/09/2021,"2.077,0788"
03/09/2021,"2.075,9646"
04/09/2021,"2.075,8969"
05/09/2021,"2.075,8293"
06/09/2021,"2.087,4804"
07/09/2021,"2.108,8662"
08/09/2021,"2.113,1682"
09/09/2021,"2.119,1640"
10/09/2021,"2.105,9833"
11/09/2021,"2.105,9146"
12/09/2021,"2.105,8459"
13/09/2021,"2.095,1507"
14/09/2021,"2.083,3609"
15/09/2021,"2.086,7175"
16/09/2021,"2.078,7701"
17/09/2021,"2.078,7023"
18/09/2021,"2.078,6346"
19/09/2021,"2.078,5668"
20/09/2021,"2.033,3011"
21/09/2021,"2.031,5269"
22/09/2021,"2.056,9608"
23/09/2021,"2.084,3187"
24/09/2021,"2.079,9897"
25/09/2021,"2.079,9219"
26/09/2021,"2.079,8541"
27/09/2021,"2.096,4645"
28/09/2021,"2.049,1345"
29/09/2021,"2.049,8216"
30/09/2021,"2.069,0625"
01/10/2021,"2.060,8410"
02/10/2021,"2.060,7738"
03/10/2021,"2.060,7066"
04/10/2021,"2.024,1419"
05/10/2021,"2.056,1495"
06/10/2021,"2.075,4283"
07/10/2021,"2.096,9327"
08/10/2021,"2.108,2159"
09/10/2021,"2.108,1471"
10/10/2021,"2.108,0784"
11/10/2021,"2.108,0097"
12/10/2021,"2.122,3856"
13/10/2021,"2.123,6788"
14/10/2021,"2.144,3603"
15/10/2021,"2.181,7489"
16/10/2021,"2.181,6778"
17/10/2021,"2.181,6066"
18/10/2021,"2.176,7158"
19/10/2021,"2.183,8092"
20/10/2021,"2.178,0029"
21/10/2021,"2.203,0657"
22/10/2021,"2.191,6007"
23/10/2021,"2.191,5292"
24/10/2021,"2.191,4578"
25/10/2021,"2.189,6888"
26/10/2021,"2.176,5478"
27/10/2021,"2.159,6574"
28/10/2021,"2.192,7574"
29/10/2021,"2.213,0521"
30/10/2021,"2.212,9799"
31/10/2021,"2.212,9078"
01/11/2021,"2.212,8357"
02/11/2021,"2.248,6417"
03/11/2021,"2.267,9138"
04/11/2021,"2.296,0956"
05/11/2021,"2.289,3259"
06/11/2021,"2.289,2513"
07/11/2021,"2.289,1767"
08/11/2021,"2.292,4860"
09/11/2021,"2.263,5718"
10/11/2021,"2.210,6510"
11/11/2021,"2.237,5653"
12/11/2021,"2.274,9432"
13/11/2021,"2.274,8690"
14/11/2021,"2.274,7949"
15/11/2021,"2.279,1470"
16/11/2021,"2.304,9322"
17/11/2021,"2.327,4788"
18/11/2021,"2.373,1902"
19/11/2021,"2.375,3247"
20/11/2021,"2.375,2473"
21/11/2021,"2.375,1698"
22/11/2021,"2.281,2271"
23/11/2021,"2.273,6597"
24/11/2021,"2.290,4692"
25/11/2021,"2.312,7753"
26/11/2021,"2.286,0134"
27/11/2021,"2.285,9389"
28/11/2021,"2.285,8643"
29/11/2021,"2.343,5587"
30/11/2021,"2.303,1743"
01/12/2021,"2.242,6685"
02/12/2021,"2.286,5160"
03/12/2021,"2.247,3862"
04/12/2021,"2.247,3130"
05/12/2021,"2.247,2397"
06/12/2021,"2.276,2397"
07/12/2021,"2.334,2313"
08/12/2021,"2.334,1552"
09/12/2021,"2.309,6129"
10/12/2021,"2.338,9724"
11/12/2021,"2.338,8962"
12/12/2021,"2.338,8199"
13/12/2021,"2.291,6692"
14/12/2021,"2.275,3696"
15/12/2021,"2.323,3262"
16/12/2021,"2.278,2897"
17/12/2021,"2.258,1639"
18/12/2021,"2.258,0902"
19/12/2021,"2.258,0166"
20/12/2021,"2.253,4044"
21/12/2021,"2.335,0777"
22/12/2021,"2.345,3374"
23/12/2021,"2.337,0196"
24/12/2021,"2.353,4221"
25/12/2021,"2.353,3454"
26/12/2021,"2.353,2687"
27/12/2021,"2.368,0545"
28/12/2021,"2.353,8370"
29/12/2021,"2.330,4358"
30/12/2021,"2.321,3376"
31/12/2021,"2.321,2619"
01/01/2022,"2.321,1863"
02/01/2022,"2.321,1106"
03/01/2022,"2.352,4550"
04/01/2022,"2.336,5946"
05/01/2022,"2.239,9584"
06/01/2022,"2.231,9068"
07/01/2022,"2.192,1603"
08/01/2022,"2.192,0888"
09/01/2022,"2.192,0174"
10/01/2022,"2.188,0865"
11/01/2022,"2.222,4802"
12/01/2022,"2.219,1873"
13/01/2022,"2.162,0815"
14/01/2022,"2.153,9980"
15/01/2022,"2.153,9278"
16/01/2022,"2.153,8575"
17/01/2022,"2.172,0579"
18/01/2022,"2.119,2431"
19/01/2022,"2.078,2575"
20/01/2022,"2.035,2131"
21/01/2022,"1.977,6488"
22/01/2022,"1.977,5843"
23/01/2022,"1.977,5199"
24/01/2022,"1.985,9819"
25/01/2022,"1.957,0995"
26/01/2022,"1.939,2894"
27/01/2022,"1.899,6880"
28/01/2022,"1.961,4800"
29/01/2022,"1.961,4161"
30/01/2022,"1.961,3522"
31/01/2022,"2.016,9366"
01/02/2022,"2.021,2489"
02/02/2022,"2.043,6558"
03/02/2022,"2.014,7982"
04/02/2022,"2.054,2494"
05/02/2022,"2.054,1825"
06/02/2022,"2.054,1155"
07/02/2022,"2.053,0787"
08/02/2022,"2.069,4447"
09/02/2022,"2.108,4458"
10/02/2022,"2.025,6517"
11/02/2022,"1.974,3857"
12/02/2022,"1.974,3213"
13/02/2022,"1.974,2570"
14/02/2022,"1.982,3351"
15/02/2022,"2.019,9812"
16/02/2022,"2.007,6762"
17/02/2022,"1.955,3373"
18/02/2022,"1.924,4684"
19/02/2022,"1.924,4056"
20/02/2022,"1.924,3429"
21/02/2022,"1.938,0814"
22/02/2022,"1.908,3625"
23/02/2022,"1.854,4390"
24/02/2022,"1.935,2277"
25/02/2022,"1.966,7786"
26/02/2022,"1.966,7145"
27/02/2022,"1.966,6504"
28/02/2022,"1.947,2114"
01/03/2022,"1.925,4728"
02/03/2022,"1.968,5237"
03/03/2022,"1.928,4498"
04/03/2022,"1.912,1705"
05/03/2022,"1.912,1081"
06/03/2022,"1.912,0458"
07/03/2022,"1.852,2470"
08/03/2022,"1.857,4255"
09/03/2022,"1.894,3118"
10/03/2022,"1.880,0695"
11/03/2022,"1.841,8034"
12/03/2022,"1.841,7433"
13/03/2022,"1.841,6833"
14/03/2022,"1.823,5963"
15/03/2022,"1.879,3394"
16/03/2022,"1.920,5940"
17/03/2022,"1.928,4420"
18/03/2022,"1.967,9836"
19/03/2022,"1.967,9195"
20/03/2022,"1.967,8553"
21/03/2022,"1.953,2079"
22/03/2022,"1.964,0631"
23/03/2022,"1.936,1535"
24/03/2022,"1.964,7413"
25/03/2022,"1.952,7965"
26/03/2022,"1.952,7328"
27/03/2022,"1.952,6692"
28/03/2022,"1.948,3777"
29/03/2022,"1.977,4585"
30/03/2022,"1.979,5016"
31/03/2022,"1.951,4997"
01/04/2022,"1.940,3761"
02/04/2022,"1.940,3128"
03/04/2022,"1.940,2496"
04/04/2022,"1.953,5743"
05/04/2022,"1.923,2686"
06/04/2022,"1.918,4506"
07/04/2022,"1.952,4327"
08/04/2022,"1.950,8395"
09/04/2022,"1.950,7759"
10/04/2022,"1.950,7123"
11/04/2022,"1.925,4948"
12/04/2022,"1.892,1729"
13/04/2022,"1.913,0624"
14/04/2022,"1.904,0592"
15/04/2022,"1.903,9971"
16/04/2022,"1.903,9350"
17/04/2022,"1.903,8729"
18/04/2022,"1.912,6852"
19/04/2022,"1.945,1316"
20/04/2022,"1.935,4919"
21/04/2022,"1.901,7663"
22/04/2022,"1.892,5910"
23/04/2022,"1.892,5293"
24/04/2022,"1.892,4676"
25/04/2022,"1.940,2796"
26/04/2022,"1.872,2085"
27/04/2022,"1.878,8107"
28/04/2022,"1.953,7808"
29/04/2022,"1.880,9280"
30/04/2022,"1.880,8667"
01/05/2022,"1.880,8054"
02/05/2022,"1.922,8262"
03/05/2022,"1.922,1810"
04/05/2022,"1.980,8915"
05/05/2022,"1.912,4633"
06/05/2022,"1.882,5654"
07/05/2022,"1.882,5040"
08/05/2022,"1.882,4426"
09/05/2022,"1.837,3567"
10/05/2022,"1.849,3145"
11/05/2022,"1.797,9525"
12/05/2022,"1.810,5836"
13/05/2022,"1.851,9642"
14/05/2022,"1.851,9039"
15/05/2022,"1.851,8435"
16/05/2022,"1.830,7037"
17/05/2022,"1.863,5429"
18/05/2022,"1.791,1687"
19/05/2022,"1.771,0528"
20/05/2022,"1.756,5833"
21/05/2022,"1.756,5260"
22/05/2022,"1.756,4688"
23/05/2022,"1.773,7042"
24/05/2022,"1.755,4729"
25/05/2022,"1.778,1459"
26/05/2022,"1.804,0957"
27/05/2022,"1.835,9158"
28/05/2022,"1.835,8560"
29/05/2022,"1.835,7961"
30/05/2022,"1.845,5756"
31/05/2022,"1.834,4406"
01/06/2022,"1.821,2877"
02/06/2022,"1.841,9294"
03/06/2022,"1.802,9474"
04/06/2022,"1.802,8886"
05/06/2022,"1.802,8298"
06/06/2022,"1.820,8641"
07/06/2022,"1.860,3397"
08/06/2022,"1.825,2839"
09/06/2022,"1.793,2126"
10/06/2022,"1.765,2953"
11/06/2022,"1.765,2378"
12/06/2022,"1.765,1802"
13/06/2022,"1.742,4385"
14/06/2022,"1.749,8507"
15/06/2022,"1.773,8811"
16/06/2022,"1.722,2682"
17/06/2022,"1.747,6991"
18/06/2022,"1.747,6421"
19/06/2022,"1.747,5851"
20/06/2022,"1.758,4999"
21/06/2022,"1.758,4425"
22/06/2022,"1.797,7607"
23/06/2022,"1.841,3884"
24/06/2022,"1.924,7856"
25/06/2022,"1.924,7229"
26/06/2022,"1.924,6601"
27/06/2022,"1.924,5974"
28/06/2022,"1.867,7673"
29/06/2022,"1.888,8007"
30/06/2022,"1.896,8138"
01/07/2022,"1.904,4342"
02/07/2022,"1.904,3721"
03/07/2022,"1.904,3100"
04/07/2022,"1.892,5235"
05/07/2022,"1.942,0933"
06/07/2022,"1.996,1758"
07/07/2022,"2.008,6610"
08/07/2022,"2.023,0733"
09/07/2022,"2.023,0074"
10/07/2022,"2.022,9414"
11/07/2022,"2.036,6900"
12/07/2022,"2.057,3816"
13/07/2022,"2.055,2288"
14/07/2022,"2.122,4932"
15/07/2022,"2.047,1616"
16/07/2022,"2.047,0948"
17/07/2022,"2.047,0281"
18/07/2022,"1.940,2564"
19/07/2022,"1.970,6953"
20/07/2022,"1.970,1485"
21/07/2022,"2.007,2799"
22/07/2022,"1.992,6636"
23/07/2022,"1.992,5986"
24/07/2022,"1.992,5336"
25/07/2022,"2.005,1772"
26/07/2022,"1.941,9315"
27/07/2022,"1.995,1982"
28/07/2022,"1.998,7457"
29/07/2022,"2.004,6025"
30/07/2022,"2.004,5372"
31/07/2022,"2.004,4718"
01/08/2022,"1.977,1966"
02/08/2022,"1.975,7685"
03/08/2022,"2.033,9550"
04/08/2022,"2.031,8664"
05/08/2022,"2.052,5319"
06/08/2022,"2.052,4650"
07/08/2022,"2.052,3981"
08/08/2022,"2.028,6488"
09/08/2022,"1.992,8660"
10/08/2022,"2.016,6334"
11/08/2022,"2.001,2386"
12/08/2022,"2.035,8332"
13/08/2022,"2.035,7668"
14/08/2022,"2.035,7005"
15/08/2022,"2.035,6341"
16/08/2022,"2.037,9231"
17/08/2022,"2.048,0520"
18/08/2022,"2.105,6437"
19/08/2022,"2.127,9379"
20/08/2022,"2.127,8685"
21/08/2022,"2.127,7992"
22/08/2022,"2.082,3477"
23/08/2022,"2.038,5131"
24/08/2022,"2.015,2489"
25/08/2022,"2.036,4633"
26/08/2022,"1.950,1058"
27/08/2022,"1.950,0422"
28/08/2022,"1.949,9786"
29/08/2022,"1.911,6747"
30/08/2022,"1.870,3378"
31/08/2022,"1.889,9055"
01/09/2022,"1.875,4626"
02/09/2022,"1.836,4821"
03/09/2022,"1.836,4223"
04/09/2022,"1.836,3624"
05/09/2022,"1.793,8993"
06/09/2022,"1.829,8867"
07/09/2022,"1.853,3679"
08/09/2022,"1.856,0707"
09/09/2022,"1.899,3577"
10/09/2022,"1.899,2957"
11/09/2022,"1.899,2338"
12/09/2022,"1.946,7514"
13/09/2022,"1.889,4574"
14/09/2022,"1.909,7459"
15/09/2022,"1.896,3947"
16/09/2022,"1.896,3329"
17/09/2022,"1.896,2710"
18/09/2022,"1.896,2092"
19/09/2022,"1.896,1474"
20/09/2022,"1.882,9488"
21/09/2022,"1.882,4474"
22/09/2022,"1.859,9935"
23/09/2022,"1.869,9867"
24/09/2022,"1.869,9258"
25/09/2022,"1.869,8648"
26/09/2022,"1.897,0343"
27/09/2022,"1.893,2153"
28/09/2022,"1.895,5022"
29/09/2022,"1.848,9710"
30/09/2022,"1.820,2802"
01/10/2022,"1.820,2208"
02/10/2022,"1.820,1615"
03/10/2022,"1.846,6365"
04/10/2022,"1.859,2670"
05/10/2022,"1.875,1274"
06/10/2022,"1.868,9975"
07/10/2022,"1.810,7278"
08/10/2022,"1.810,6687"
09/10/2022,"1.810,6097"
10/10/2022,"1.810,5507"
11/10/2022,"1.744,8328"
12/10/2022,"1.738,4566"
13/10/2022,"1.791,9320"
14/10/2022,"1.770,2184"
15/10/2022,"1.770,1607"
16/10/2022,"1.770,1030"
17/10/2022,"1.842,6231"
18/10/2022,"1.863,1612"
19/10/2022,"1.864,1073"
20/10/2022,"1.852,9911"
21/10/2022,"1.889,2870"
22/10/2022,"1.889,2254"
23/10/2022,"1.889,1638"
24/10/2022,"1.915,3296"
25/10/2022,"1.926,4291"
26/10/2022,"1.887,2956"
27/10/2022,"1.851,8826"
28/10/2022,"1.868,4411"
29/10/2022,"1.868,3802"
30/10/2022,"1.868,3193"
31/10/2022,"1.868,2584"
01/11/2022,"1.868,1975"
02/11/2022,"1.822,9831"
03/11/2022,"1.810,4329"
04/11/2022,"1.805,9442"
05/11/2022,"1.805,8853"
06/11/2022,"1.805,8264"
07/11/2022,"1.801,4235"
08/11/2022,"1.797,2984"
09/11/2022,"1.754,9998"
10/11/2022,"1.831,9726"
11/11/2022,"1.850,7432"
12/11/2022,"1.850,6829"
13/11/2022,"1.850,6225"
14/11/2022,"1.867,8552"
15/11/2022,"1.875,6034"
16/11/2022,"1.857,3572"
17/11/2022,"1.898,3624"
18/11/2022,"1.925,0500"
19/11/2022,"1.924,9872"
20/11/2022,"1.924,9244"
21/11/2022,"1.943,0325"
22/11/2022,"1.942,9013"
23/11/2022,"1.939,9195"
24/11/2022,"1.916,1484"
25/11/2022,"1.916,0816"
26/11/2022,"1.916,0192"
27/11/2022,"1.915,9567"
28/11/2022,"1.888,2616"
29/11/2022,"1.859,4373"
30/11/2022,"1.886,4982"
01/12/2022,"1.887,6670"
02/12/2022,"1.873,0430"
03/12/2022,"1.872,9819"
04/12/2022,"1.872,9209"
05/12/2022,"1.859,7588"
06/12/2022,"1.828,1138"
07/12/2022,"1.807,7980"
08/12/2022,"1.807,7391"
09/12/2022,"1.790,0498"
10/12/2022,"1.789,9915"
11/12/2022,"1.789,9331"
12/12/2022,"1.798,6009"
13/12/2022,"1.822,9919"
14/12/2022,"1.822,9814"
15/12/2022,"1.791,8704"
16/12/2022,"1.792,5491"
17/12/2022,"1.792,4906"
18/12/2022,"1.792,4322"
19/12/2022,"1.777,6737"
20/12/2022,"1.776,9099"
21/12/2022,"1.782,8531"
22/12/2022,"1.724,8336"
23/12/2022,"1.747,1329"
24/12/2022,"1.747,0759"
25/12/2022,"1.747,0189"
26/12/2022,"1.752,7590"
27/12/2022,"1.737,1133"
28/12/2022,"1.680,5236"
29/12/2022,"1.717,4775"
30/12/2022,"1.706,6068"
31/12/2022,"1.706,5512"
01/01/2023,"1.706,4955"
02/01/2023,"1.706,4399"
03/01/2023,"1.692,5014"
04/01/2023,"1.716,6323"
05/01/2023,"1.696,5789"
06/01/2023,"1.714,8171"
07/01/2023,"1.714,7612"
08/01/2023,"1.714,7053"
09/01/2023,"1.720,2802"
10/01/2023,"1.715,9122"
11/01/2023,"1.720,4329"
12/01/2023,"1.726,8251"
13/01/2023,"1.740,0190"
14/01/2023,"1.739,9623"
15/01/2023,"1.739,9056"
16/01/2023,"1.739,6358"
17/01/2023,"1.741,6558"
18/01/2023,"1.709,7521"
19/01/2023,"1.721,4114"
20/01/2023,"1.735,2325"
21/01/2023,"1.735,1759"
22/01/2023,"1.735,1193"
23/01/2023,"1.757,1562"
24/01/2023,"1.735,7546"
25/01/2023,"1.726,5915"
26/01/2023,"1.745,2791"
27/01/2023,"1.757,0202"
28/01/2023,"1.756,9629"
29/01/2023,"1.756,9056"
30/01/2023,"1.750,5965"
31/01/2023,"1.753,2069"
01/02/2023,"1.755,8626"
02/02/2023,"1.774,4149"
03/02/2023,"1.773,3504"
04/02/2023,"1.773,2926"
05/02/2023,"1.773,2348"
06/02/2023,"1.784,7501"
07/02/2023,"1.793,5780"
08/02/2023,"1.764,7277"
09/02/2023,"1.768,6571"
10/02/2023,"1.763,5862"
11/02/2023,"1.763,5287"
12/02/2023,"1.763,4712"
13/02/2023,"1.770,7520"
14/02/2023,"1.765,6216"
15/02/2023,"1.780,2142"
16/02/2023,"1.763,8168"
17/02/2023,"1.739,5604"
18/02/2023,"1.739,5037"
19/02/2023,"1.739,4470"
20/02/2023,"1.743,4399"
21/02/2023,"1.722,0233"
22/02/2023,"1.722,2105"
23/02/2023,"1.740,5195"
24/02/2023,"1.750,6029"
25/02/2023,"1.750,5459"
26/02/2023,"1.750,4888"
27/02/2023,"1.786,8662"
28/02/2023,"1.784,5487"
01/03/2023,"1.748,3405"
02/03/2023,"1.752,6243"
03/03/2023,"1.771,2368"
04/03/2023,"1.771,1791"
05/03/2023,"1.771,1213"
06/03/2023,"1.762,1509"
07/03/2023,"1.727,3492"
08/03/2023,"1.743,3716"
09/03/2023,"1.720,9544"
10/03/2023,"1.684,4272"
11/03/2023,"1.684,3723"
12/03/2023,"1.684,3173"
13/03/2023,"1.689,5083"
14/03/2023,"1.713,9151"
15/03/2023,"1.729,5370"
16/03/2023,"1.781,1337"
17/03/2023,"1.783,0650"
18/03/2023,"1.783,0069"
19/03/2023,"1.782,9487"
20/03/2023,"1.783,7524"
21/03/2023,"1.793,9094"
22/03/2023,"1.776,9532"
23/03/2023,"1.763,0252"
24/03/2023,"1.766,5553"
25/03/2023,"1.766,4977"
26/03/2023,"1.766,4402"
27/03/2023,"1.762,4504"
28/03/2023,"1.736,9958"
29/03/2023,"1.746,8940"
30/03/2023,"1.755,7277"
31/03/2023,"1.778,0171"
01/04/2023,"1.777,9591"
02/04/2023,"1.777,9012"
03/04/2023,"1.799,9415"
04/04/2023,"1.812,5413"
05/04/2023,"1.794,9670"
06/04/2023,"1.807,3201"
07/04/2023,"1.807,2612"
08/04/2023,"1.807,2022"
09/04/2023,"1.807,1433"
10/04/2023,"1.826,7547"
11/04/2023,"1.806,1639"
12/04/2023,"1.776,7167"
13/04/2023,"1.781,4320"
14/04/2023,"1.781,4443"
15/04/2023,"1.781,3862"
16/04/2023,"1.781,3281"
17/04/2023,"1.794,8530"
18/04/2023,"1.786,0017"
19/04/2023,"1.782,2622"
20/04/2023,"1.762,3978"
21/04/2023,"1.767,7489"
22/04/2023,"1.767,6913"
23/04/2023,"1.767,6336"
24/04/2023,"1.803,6439"
25/04/2023,"1.773,2863"
26/04/2023,"1.757,1896"
27/04/2023,"1.763,9745"
28/04/2023,"1.783,2624"
29/04/2023,"1.783,2043"
30/04/2023,"1.783,1461"
01/05/2023,"1.783,0880"
02/05/2023,"1.780,0379"
03/05/2023,"1.773,3301"
04/05/2023,"1.747,7841"
05/05/2023,"1.764,7036"
06/05/2023,"1.764,6461"
07/05/2023,"1.764,5886"
08/05/2023,"1.763,0986"
09/05/2023,"1.755,5278"
10/05/2023,"1.756,2193"
11/05/2023,"1.769,2911"
12/05/2023,"1.745,8567"
13/05/2023,"1.745,7998"
14/05/2023,"1.745,7429"
15/05/2023,"1.751,1936"
16/05/2023,"1.771,0145"
17/05/2023,"1.791,6376"
18/05/2023,"1.811,7559"
19/05/2023,"1.814,8505"
20/05/2023,"1.814,7914"
21/05/2023,"1.814,7322"
22/05/2023,"1.829,5426"
23/05/2023,"1.815,3047"
24/05/2023,"1.809,5078"
25/05/2023,"1.837,7158"
26/05/2023,"1.862,7067"
27/05/2023,"1.862,6459"
28/05/2023,"1.862,5852"
29/05/2023,"1.855,5412"
30/05/2023,"1.863,4877"
31/05/2023,"1.862,9489"
01/06/2023,"1.867,0278"
02/06/2023,"1.874,7303"
03/06/2023,"1.874,6692"
04/06/2023,"1.874,6080"
05/06/2023,"1.870,9338"
06/06/2023,"1.873,5488"
07/06/2023,"1.854,9408"
08/06/2023,"1.857,7060"
09/06/2023,"1.855,7837"
10/06/2023,"1.855,7232"
11/06/2023,"1.855,6627"
12/06/2023,"1.913,6987"
13/06/2023,"1.936,4981"
14/06/2023,"1.934,9997"
15/06/2023,"1.939,9821"
16/06/2023,"1.927,8575"
17/06/2023,"1.927,7946"
18/06/2023,"1.927,7318"
19/06/2023,"1.928,4070"
20/06/2023,"1.932,5420"
21/06/2023,"1.932,4790"
22/06/2023,"1.930,1852"
23/06/2023,"1.918,7179"
24/06/2023,"1.918,6554"
25/06/2023,"1.918,5928"
26/06/2023,"1.918,5303"
27/06/2023,"1.914,1062"
28/06/2023,"1.919,4407"
29/06/2023,"1.930,5694"
30/06/2023,"1.952,6658"
01/07/2023,"1.952,6021"
02/07/2023,"1.952,5384"
03/07/2023,"1.952,8240"
04/07/2023,"1.948,4076"
05/07/2023,"1.942,3266"
06/07/2023,"1.936,4561"
07/07/2023,"1.944,7829"
08/07/2023,"1.944,7195"
09/07/2023,"1.944,6561"
10/07/2023,"1.967,1115"
11/07/2023,"1.987,2903"
12/07/2023,"1.997,6070"
13/07/2023,"2.015,2356"
14/07/2023,"2.022,1527"
15/07/2023,"2.022,0868"
16/07/2023,"2.022,0209"
17/07/2023,"2.054,4359"
18/07/2023,"2.052,7155"
19/07/2023,"2.047,4581"
20/07/2023,"2.010,9580"
21/07/2023,"2.043,5747"
22/07/2023,"2.043,5081"
23/07/2023,"2.043,4415"
24/07/2023,"2.054,6831"
25/07/2023,"2.075,9588"
26/07/2023,"2.058,3757"
27/07/2023,"2.059,1616"
28/07/2023,"2.080,7218"
29/07/2023,"2.080,6539"
30/07/2023,"2.080,5861"
31/07/2023,"2.116,4873"
01/08/2023,"2.116,1841"
02/08/2023,"2.088,1245"
03/08/2023,"2.095,6982"
04/08/2023,"2.078,7681"
05/08/2023,"2.078,7003"
06/08/2023,"2.078,6325"
07/08/2023,"2.096,7159"
08/08/2023,"2.097,1977"
09/08/2023,"2.072,1351"
10/08/2023,"2.062,2282"
11/08/2023,"2.046,4988"
12/08/2023,"2.046,4320"
13/08/2023,"2.046,3653"
14/08/2023,"2.073,5626"
15/08/2023,"2.073,4950"
16/08/2023,"2.038,8005"
17/08/2023,"2.030,5179"
18/08/2023,"2.028,9577"
19/08/2023,"2.028,8915"
20/08/2023,"2.028,8254"
21/08/2023,"2.049,1800"
22/08/2023,"2.047,9394"
23/08/2023,"2.056,8765"
24/08/2023,"2.015,2406"
25/08/2023,"1.991,7655"
26/08/2023,"1.991,7005"
27/08/2023,"1.991,6356"
28/08/2023,"2.014,0232"
29/08/2023,"2.072,3422"
30/08/2023,"2.075,2764"
31/08/2023,"2.079,4055"
01/09/2023,"2.074,8227"
02/09/2023,"2.074,7579"
03/09/2023,"2.074,6930"
04/09/2023,"2.086,0524"
05/09/2023,"2.114,6674"
06/09/2023,"2.105,1382"
07/09/2023,"2.101,4124"
08/09/2023,"2.130,8650"
09/09/2023,"2.130,7988"
10/09/2023,"2.130,7326"
11/09/2023,"2.135,7236"
12/09/2023,"2.136,7347"
13/09/2023,"2.117,3163"
14/09/2023,"2.127,5169"
15/09/2023,"2.108,4689"
16/09/2023,"2.108,4048"
17/09/2023,"2.108,3408"
18/09/2023,"2.108,2767"
19/09/2023,"2.108,2126"
20/09/2023,"2.076,6166"
21/09/2023,"2.060,0002"
22/09/2023,"2.058,6741"
23/09/2023,"2.058,6121"
24/09/2023,"2.058,5501"
25/09/2023,"2.080,0464"
26/09/2023,"2.061,5927"
27/09/2023,"2.065,6351"
28/09/2023,"2.085,1379"
29/09/2023,"2.064,2019"
30/09/2023,"2.064,1385"
01/10/2023,"2.064,0751"
02/10/2023,"2.080,0433"
03/10/2023,"2.070,3371"
04/10/2023,"2.079,1202"
05/10/2023,"2.086,5798"
06/10/2023,"2.118,1421"
07/10/2023,"2.118,0770"
08/10/2023,"2.118,0118"
09/10/2023,"2.117,9466"
10/10/2023,"2.161,0688"
11/10/2023,"2.161,4545"
12/10/2023,"2.176,7800"
13/10/2023,"2.167,0861"
14/10/2023,"2.167,0226"
15/10/2023,"2.166,9590"
16/10/2023,"2.187,9784"
17/10/2023,"2.193,2491"
18/10/2023,"2.148,4924"
19/10/2023,"2.134,9207"
20/10/2023,"2.105,2381"
21/10/2023,"2.105,1756"
22/10/2023,"2.105,1131"
23/10/2023,"2.093,2199"
24/10/2023,"2.083,5952"
25/10/2023,"2.043,6073"
26/10/2023,"2.027,0006"
27/10/2023,"2.026,9424"
28/10/2023,"2.026,8841"
29/10/2023,"2.026,8258"
30/10/2023,"2.000,1184"
31/10/2023,"1.987,5113"
01/11/2023,"1.987,4535"
02/11/2023,"2.024,4651"
03/11/2023,"2.040,0137"
04/11/2023,"2.039,9539"
05/11/2023,"2.039,8941"
06/11/2023,"2.041,2794"
07/11/2023,"2.064,3415"
08/11/2023,"2.082,7608"
09/11/2023,"2.088,9771"
10/11/2023,"2.141,2534"
11/11/2023,"2.141,1884"
12/11/2023,"2.141,1234"
13/11/2023,"2.154,8414"
14/11/2023,"2.174,1188"
15/11/2023,"2.142,2445"
16/11/2023,"2.118,0800"
17/11/2023,"2.131,4242"
18/11/2023,"2.131,3581"
19/11/2023,"2.131,2920"
20/11/2023,"2.140,7746"
21/11/2023,"2.119,6847"
22/11/2023,"2.130,2435"
23/11/2023,"2.123,4402"
24/11/2023,"2.128,7946"
25/11/2023,"2.128,7302"
26/11/2023,"2.128,6657"
27/11/2023,"2.121,9924"
28/11/2023,"2.119,3401"
29/11/2023,"2.119,3157"
30/11/2023,"2.120,5157"
01/12/2023,"2.120,2288"
02/12/2023,"2.120,1619"
03/12/2023,"2.120,0950"
04/12/2023,"2.106,2206"
05/12/2023,"2.132,3025"
06/12/2023,"2.129,0944"
07/12/2023,"2.130,8760"
08/12/2023,"2.130,8113"
09/12/2023,"2.130,7467"
10/12/2023,"2.130,6820"
11/12/2023,"2.183,9737"
12/12/2023,"2.192,9724"
13/12/2023,"2.206,9037"
14/12/2023,"2.206,5787"
15/12/2023,"2.223,1099"
16/12/2023,"2.223,0419"
17/12/2023,"2.222,9739"
18/12/2023,"2.232,0270"
19/12/2023,"2.212,6247"
20/12/2023,"2.204,0695"
21/12/2023,"2.230,5214"
22/12/2023,"2.264,2521"
23/12/2023,"2.264,1811"
24/12/2023,"2.264,1101"
25/12/2023,"2.264,0391"
26/12/2023,"2.301,9894"
27/12/2023,"2.286,5439"
28/12/2023,"2.288,2749"
29/12/2023,"2.263,1577"
30/12/2023,"2.263,0877"
31/12/2023,"2.263,0177"
01/01/2024,"2.262,9479"
02/01/2024,"2.236,1554"
03/01/2024,"2.220,0664"
04/01/2024,"2.210,5055"
05/01/2024,"2.228,9001"
06/01/2024,"2.228,8277"
07/01/2024,"2.228,7552"
08/01/2024,"2.275,7442"
09/01/2024,"2.310,5331"
10/01/2024,"2.330,4979"
11/01/2024,"2.311,2863"
12/01/2024,"2.308,8119"
13/01/2024,"2.308,7369"
14/01/2024,"2.308,6618"
15/01/2024,"2.314,2322"
16/01/2024,"2.333,8442"
17/01/2024,"2.324,3983"
18/01/2024,"2.331,5282"
19/01/2024,"2.341,8612"
20/01/2024,"2.341,7851"
21/01/2024,"2.341,7090"
22/01/2024,"2.346,0100"
23/01/2024,"2.359,0982"
24/01/2024,"2.367,4940"
25/01/2024,"2.374,8853"
26/01/2024,"2.373,8876"
27/01/2024,"2.373,8146"
28/01/2024,"2.373,7415"
29/01/2024,"2.416,6337"
30/01/2024,"2.417,9228"
31/01/2024,"2.383,8945"
01/02/2024,"2.405,5494"
02/02/2024,"2.445,6839"
03/02/2024,"2.445,6074"
04/02/2024,"2.445,5309"
05/02/2024,"2.471,1628"
06/02/2024,"2.463,6053"
07/02/2024,"2.482,8935"
08/02/2024,"2.521,6709"
09/02/2024,"2.572,0989"
10/02/2024,"2.572,0174"
11/02/2024,"2.571,9360"
12/02/2024,"2.586,5746"
13/02/2024,"2.540,5843"
14/02/2024,"2.536,0538"
15/02/2024,"2.551,1727"
16/02/2024,"2.559,0519"
17/02/2024,"2.558,9710"
18/02/2024,"2.558,8901"
19/02/2024,"2.550,6828"
20/02/2024,"2.527,2279"
21/02/2024,"2.528,4235"
22/02/2024,"2.594,3845"
23/02/2024,"2.618,5378"
24/02/2024,"2.618,4559"
25/02/2024,"2.618,3741"
26/02/2024,"2.628,8706"
27/02/2024,"2.626,6451"
28/02/2024,"2.605,0291"
29/02/2024,"2.597,6821"
01/03/2024,"2.628,8791"
02/03/2024,"2.628,7960"
03/03/2024,"2.628,7130"
04/03/2024,"2.641,2388"
05/03/2024,"2.615,6346"
06/03/2024,"2.650,4061"
07/03/2024,"2.690,3101"
08/03/2024,"2.618,6804"
09/03/2024,"2.618,5986"
10/03/2024,"2.618,5168"
11/03/2024,"2.608,3127"
12/03/2024,"2.634,8481"
13/03/2024,"2.577,4120"
14/03/2024,"2.552,9594"
15/03/2024,"2.522,1511"
16/03/2024,"2.522,0718"
17/03/2024,"2.521,9925"
18/03/2024,"2.547,1852"
19/03/2024,"2.593,9015"
20/03/2024,"2.656,4307"
21/03/2024,"2.666,3445"
22/03/2024,"2.682,5744"
23/03/2024,"2.682,4896"
24/03/2024,"2.682,4048"
25/03/2024,"2.669,3499"
26/03/2024,"2.673,9081"
27/03/2024,"2.691,5347"
28/03/2024,"2.693,1135"
29/03/2024,"2.693,0286"
30/03/2024,"2.692,9437"
31/03/2024,"2.692,8589"
01/04/2024,"2.693,9540"
02/04/2024,"2.662,0996"
03/04/2024,"2.628,3302"
04/04/2024,"2.551,5180"
05/04/2024,"2.579,5131"
06/04/2024,"2.579,4315"
07/04/2024,"2.579,3499"
08/04/2024,"2.578,8713"
09/04/2024,"2.573,1521"
10/04/2024,"2.575,6665"
11/04/2024,"2.612,6104"
12/04/2024,"2.593,0215"
13/04/2024,"2.592,9401"
14/04/2024,"2.592,8588"
15/04/2024,"2.591,5962"
16/04/2024,"2.595,8813"
17/04/2024,"2.545,3173"
18/04/2024,"2.519,6408"
19/04/2024,"2.450,7682"
20/04/2024,"2.450,6905"
21/04/2024,"2.450,6128"
22/04/2024,"2.461,2949"
23/04/2024,"2.489,6160"
24/04/2024,"2.508,8147"
25/04/2024,"2.485,4099"
26/04/2024,"2.518,7982"
27/04/2024,"2.518,7205"
28/04/2024,"2.518,6427"
29/04/2024,"2.521,1590"
30/04/2024,"2.513,5021"
01/05/2024,"2.513,4228"
02/05/2024,"2.522,1931"
03/05/2024,"2.524,2677"
04/05/2024,"2.524,1890"
05/05/2024,"2.524,1102"
06/05/2024,"2.526,7605"
07/05/2024,"2.536,3581"
08/05/2024,"2.541,2794"
09/05/2024,"2.534,5214"
10/05/2024,"2.512,2820"
11/05/2024,"2.512,2033"
12/05/2024,"2.512,1247"
13/05/2024,"2.519,0697"
14/05/2024,"2.522,9796"
15/05/2024,"2.540,0901"
16/05/2024,"2.517,0546"
17/05/2024,"2.503,2220"
18/05/2024,"2.503,1433"
19/05/2024,"2.503,0645"
20/05/2024,"2.491,8474"
21/05/2024,"2.491,7693"
22/05/2024,"2.539,8568"
23/05/2024,"2.537,0200"
24/05/2024,"2.541,8665"
25/05/2024,"2.541,7870"
26/05/2024,"2.541,7075"
27/05/2024,"2.533,9127"
28/05/2024,"2.538,7891"
29/05/2024,"2.540,7109"
30/05/2024,"2.549,2315"
31/05/2024,"2.543,6006"
01/06/2024,"2.543,5200"
02/06/2024,"2.543,4395"
03/06/2024,"2.532,5885"
04/06/2024,"2.520,5575"
05/06/2024,"2.567,0796"
06/06/2024,"2.577,4484"
07/06/2024,"2.584,9048"
08/06/2024,"2.584,8229"
09/06/2024,"2.584,7411"
10/06/2024,"2.612,1641"
11/06/2024,"2.624,0844"
12/06/2024,"2.637,4101"
13/06/2024,"2.651,0657"
14/06/2024,"2.674,4404"
15/06/2024,"2.674,3556"
16/06/2024,"2.674,2708"
17/06/2024,"2.721,8043"
18/06/2024,"2.718,7893"
19/06/2024,"2.701,3684"
20/06/2024,"2.701,2823"
21/06/2024,"2.698,8699"
22/06/2024,"2.698,7839"
23/06/2024,"2.698,6979"
24/06/2024,"2.690,3337"
25/06/2024,"2.709,1341"
26/06/2024,"2.725,4002"
27/06/2024,"2.740,7331"
28/06/2024,"2.723,6358"
29/06/2024,"2.723,5500"
30/06/2024,"2.723,4642"
01/07/2024,"2.723,9717"
02/07/2024,"2.753,4638"
03/07/2024,"2.754,7309"
04/07/2024,"2.748,8320"
05/07/2024,"2.756,2136"
06/07/2024,"2.756,1261"
07/07/2024,"2.756,0386"
08/07/2024,"2.784,2169"
09/07/2024,"2.764,3436"
10/07/2024,"2.754,7372"
11/07/2024,"2.700,7934"
12/07/2024,"2.725,7339"
13/07/2024,"2.725,6474"
14/07/2024,"2.725,5608"
15/07/2024,"2.735,8641"
16/07/2024,"2.735,7772"
17/07/2024,"2.716,9253"
18/07/2024,"2.745,4453"
19/07/2024,"2.728,5011"
20/07/2024,"2.728,4151"
21/07/2024,"2.728,3291"
22/07/2024,"2.780,3962"
23/07/2024,"2.770,3140"
24/07/2024,"2.696,8595"
25/07/2024,"2.669,4728"
26/07/2024,"2.702,3464"
27/07/2024,"2.702,2597"
28/07/2024,"2.702,1729"
29/07/2024,"2.718,1015"
30/07/2024,"2.687,4336"
31/07/2024,"2.720,1485"
01/08/2024,"2.636,6797"
02/08/2024,"2.596,2008"
03/08/2024,"2.596,1183"
04/08/2024,"2.596,0358"
05/08/2024,"2.543,0038"
06/08/2024,"2.532,0739"
07/08/2024,"2.511,9952"
08/08/2024,"2.557,0164"
09/08/2024,"2.554,7947"
10/08/2024,"2.554,7117"
11/08/2024,"2.554,6286"
12/08/2024,"2.558,8446"
13/08/2024,"2.613,6290"
14/08/2024,"2.615,0668"
15/08/2024,"2.614,9855"
16/08/2024,"2.685,5107"
17/08/2024,"2.685,4262"
18/08/2024,"2.685,3417"
19/08/2024,"2.703,9677"
20/08/2024,"2.676,4285"
21/08/2024,"2.682,8387"
22/08/2024,"2.650,9629"
23/08/2024,"2.661,9637"
24/08/2024,"2.661,8805"
25/08/2024,"2.661,7973"
26/08/2024,"2.631,3190"
27/08/2024,"2.636,8129"
28/08/2024,"2.625,0202"
29/08/2024,"2.641,3884"
30/08/2024,"2.652,1236"
31/08/2024,"2.652,0396"
01/09/2024,"2.651,9557"
02/09/2024,"2.659,6827"
03/09/2024,"2.611,0042"
04/09/2024,"2.632,3649"
05/09/2024,"2.637,9576"
06/09/2024,"2.584,1376"
07/09/2024,"2.584,0556"
08/09/2024,"2.583,9736"
09/09/2024,"2.619,6927"
10/09/2024,"2.641,0744"
11/09/2024,"2.664,9870"
12/09/2024,"2.666,1927"
13/09/2024,"2.664,5604"
14/09/2024,"2.664,4737"
15/09/2024,"2.664,3871"
16/09/2024,"2.651,6367"
17/09/2024,"2.666,0827"
18/09/2024,"2.665,9989"
19/09/2024,"2.665,9152"
20/09/2024,"2.665,8314"
21/09/2024,"2.665,7477"
22/09/2024,"2.665,6639"
23/09/2024,"2.704,5152"
24/09/2024,"2.684,6230"
25/09/2024,"2.687,0278"
26/09/2024,"2.688,3058"
27/09/2024,"2.662,9725"
28/09/2024,"2.662,8883"
29/09/2024,"2.662,8040"
30/09/2024,"2.667,1195"
01/10/2024,"2.642,9315"
02/10/2024,"2.674,7421"
03/10/2024,"2.700,9884"
04/10/2024,"2.738,7053"
05/10/2024,"2.738,6195"
06/10/2024,"2.738,5338"
07/10/2024,"2.733,8221"
08/10/2024,"2.773,3389"
09/10/2024,"2.793,8464"
10/10/2024,"2.781,4945"
11/10/2024,"2.780,5241"
12/10/2024,"2.780,4357"
13/10/2024,"2.780,3474"
14/10/2024,"2.809,1513"
15/10/2024,"2.794,4836"
16/10/2024,"2.811,2568"
17/10/2024,"2.826,1116"
18/10/2024,"2.844,1182"
19/10/2024,"2.844,0281"
20/10/2024,"2.843,9381"
21/10/2024,"2.861,4243"
22/10/2024,"2.842,0170"
23/10/2024,"2.807,8175"
24/10/2024,"2.811,4427"
25/10/2024,"2.834,7868"
26/10/2024,"2.834,6974"
27/10/2024,"2.834,6080"
28/10/2024,"2.831,7780"
29/10/2024,"2.866,0317"
30/10/2024,"2.871,5688"
31/10/2024,"2.871,4782"
01/11/2024,"2.871,3877"
02/11/2024,"2.871,2971"
03/11/2024,"2.871,2065"
04/11/2024,"2.801,7309"
05/11/2024,"2.833,7991"
06/11/2024,"2.937,2732"
07/11/2024,"2.928,5312"
08/11/2024,"2.961,2234"
09/11/2024,"2.961,1298"
10/11/2024,"2.961,0362"
11/11/2024,"3.008,6048"
12/11/2024,"3.004,0443"
13/11/2024,"2.985,9115"
14/11/2024,"2.950,4535"
15/11/2024,"2.894,3063"
16/11/2024,"2.894,2147"
17/11/2024,"2.894,1231"
18/11/2024,"2.917,0223"
19/11/2024,"2.924,2639"
20/11/2024,"2.921,6081"
21/11/2024,"2.935,8645"
22/11/2024,"2.977,8428"
23/11/2024,"2.977,7483"
24/11/2024,"2.977,6538"
25/11/2024,"2.973,3791"
26/11/2024,"2.972,6021"
27/11/2024,"2.959,4248"
28/11/2024,"2.965,1087"
29/11/2024,"2.988,8242"
30/11/2024,"2.988,7293"
01/12/2024,"2.988,6345"
02/12/2024,"3.014,5817"
03/12/2024,"3.000,1686"
04/12/2024,"3.037,7789"
05/12/2024,"3.017,4418"
06/12/2024,"3.037,4001"
07/12/2024,"3.037,3014"
08/12/2024,"3.037,2026"
09/12/2024,"3.022,7121"
10/12/2024,"3.005,4328"
11/12/2024,"3.054,8968"
12/12/2024,"3.036,1562"
13/12/2024,"3.072,7685"
14/12/2024,"3.072,6686"
15/12/2024,"3.072,5687"
16/12/2024,"3.121,8107"
17/12/2024,"3.108,8840"
18/12/2024,"2.997,9504"
19/12/2024,"3.013,5461"
20/12/2024,"3.030,1134"
21/12/2024,"3.030,0167"
22/12/2024,"3.029,9200"
23/12/2024,"3.060,0264"
24/12/2024,"3.083,3180"
25/12/2024,"3.083,2207"
26/12/2024,"3.090,9821"
27/12/2024,"3.057,0773"
28/12/2024,"3.056,9801"
29/12/2024,"3.056,8829"
30/12/2024,"3.031,6550"
31/12/2024,"3.031,5564"
01/01/2025,"3.031,4576"
02/01/2025,"3.019,4073"
03/01/2025,"3.102,7326"
04/01/2025,"3.102,6335"
05/01/2025,"3.102,5343"
06/01/2025,"3.130,4608"
07/01/2025,"3.067,2902"
08/01/2025,"3.068,5614"
09/01/2025,"3.057,6999"
10/01/2025,"3.021,9709"
11/01/2025,"3.021,8748"
12/01/2025,"3.021,7787"
13/01/2025,"3.022,6758"
14/01/2025,"3.006,2676"
15/01/2025,"3.057,5073"
16/01/2025,"3.072,8518"
17/01/2025,"3.119,3083"
18/01/2025,"3.119,2088"
19/01/2025,"3.119,1093"
20/01/2025,"3.087,4650"
21/01/2025,"3.115,2002"
22/01/2025,"3.124,3023"
23/01/2025,"3.115,8768"
24/01/2025,"3.079,4566"
25/01/2025,"3.079,3562"
26/01/2025,"3.079,2559"
27/01/2025,"2.996,5908"
28/01/2025,"3.057,2109"
29/01/2025,"3.042,0774"
30/01/2025,"3.054,2289"
31/01/2025,"3.030,1330"
01/02/2025,"3.030,0362"
02/02/2025,"3.029,9394"
03/02/2025,"3.007,4086"
04/02/2025,"3.012,6536"
05/02/2025,"3.004,8351"
06/02/2025,"3.008,5492"
07/02/2025,"2.958,6857"
08/02/2025,"2.958,5917"
09/02/2025,"2.958,4977"
10/02/2025,"2.988,6725"
11/02/2025,"2.982,7737"
12/02/2025,"2.966,2793"
13/02/2025,"2.981,6149"
14/02/2025,"2.956,4733"
15/02/2025,"2.956,3807"
16/02/2025,"2.956,2880"
17/02/2025,"2.979,5706"
18/02/2025,"3.004,1775"
19/02/2025,"3.012,3930"
20/02/2025,"2.981,3362"
21/02/2025,"2.913,3923"
22/02/2025,"2.913,3001"
23/02/2025,"2.913,2080"
24/02/2025,"2.893,0434"
25/02/2025,"2.845,8095"
26/02/2025,"2.862,5458"
27/02/2025,"2.816,2868"
28/02/2025,"2.858,4136"
01/03/2025,"2.858,3231"
02/03/2025,"2.858,2325"
03/03/2025,"2.792,6425"
04/03/2025,"2.768,0037"
05/03/2025,"2.776,4611"
06/03/2025,"2.682,1560"
07/03/2025,"2.708,7340"
08/03/2025,"2.708,6506"
09/03/2025,"2.708,5672"
10/03/2025,"2.621,2842"
11/03/2025,"2.629,6751"
12/03/2025,"2.639,7653"
13/03/2025,"2.624,4640"
14/03/2025,"2.665,9879"
15/03/2025,"2.665,9043"
16/03/2025,"2.665,8207"
17/03/2025,"2.662,9554"
18/03/2025,"2.615,9367"
19/03/2025,"2.646,1735"
20/03/2025,"2.655,5880"
21/03/2025,"2.673,1152"
22/03/2025,"2.673,0317"
23/03/2025,"2.672,9482"
24/03/2025,"2.708,8374"
25/03/2025,"2.695,4302"
26/03/2025,"2.653,8099"
27/03/2025,"2.670,0250"
28/03/2025,"2.648,0177"
29/03/2025,"2.647,9352"
30/03/2025,"2.647,8526"
31/03/2025,"2.669,8248"
01/04/2025,"2.664,4122"
02/04/2025,"2.694,4609"
03/04/2025,"2.538,6018"
04/04/2025,"2.465,7312"
05/04/2025,"2.465,6542"
06/04/2025,"2.465,5772"
07/04/2025,"2.494,9089"
08/04/2025,"2.454,4049"
09/04/2025,"2.738,4079"
10/04/2025,"2.604,9252"
11/04/2025,"2.623,0724"
12/04/2025,"2.622,9869"
13/04/2025,"2.622,9013"
14/04/2025,"2.611,2325"
15/04/2025,"2.614,6108"
16/04/2025,"2.556,5929"
17/04/2025,"2.554,1245"
18/04/2025,"2.554,0453"
19/04/2025,"2.553,9662"
20/04/2025,"2.553,8870"
21/04/2025,"2.485,5087"
22/04/2025,"2.513,4347"
23/04/2025,"2.532,7208"
24/04/2025,"2.602,9997"
25/04/2025,"2.623,1661"
26/04/2025,"2.623,0851"
27/04/2025,"2.623,0041"
28/04/2025,"2.625,2741"
29/04/2025,"2.656,1993"
30/04/2025,"2.683,7551"
01/05/2025,"2.683,6732"
02/05/2025,"2.709,5394"
03/05/2025,"2.709,4569"
04/05/2025,"2.709,3744"
05/05/2025,"2.696,9838"
06/05/2025,"2.677,6121"
07/05/2025,"2.704,3876"
08/05/2025,"2.713,1778"
09/05/2025,"2.695,3618"
10/05/2025,"2.695,2817"
11/05/2025,"2.695,2017"
12/05/2025,"2.824,4727"
13/05/2025,"2.857,7916"
14/05/2025,"2.865,6174"
15/05/2025,"2.869,4457"
16/05/2025,"2.892,6712"
17/05/2025,"2.892,5840"
18/05/2025,"2.892,4968"
19/05/2025,"2.868,9197"
20/05/2025,"2.878,4201"
21/05/2025,"2.878,3337"
22/05/2025,"2.841,3803"
23/05/2025,"2.807,8605"
24/05/2025,"2.807,7690"
25/05/2025,"2.807,6774"
26/05/2025,"2.800,2303"
27/05/2025,"2.855,9172"
28/05/2025,"2.848,1390"
29/05/2025,"2.848,4596"
30/05/2025,"2.848,0699"
31/05/2025,"2.847,9824"
01/06/2025,"2.847,8949"
02/06/2025,"2.863,1658"
03/06/2025,"2.896,4192"
04/06/2025,"2.893,7535"
05/06/2025,"2.860,4605"
06/06/2025,"2.894,6474"
07/06/2025,"2.894,5573"
08/06/2025,"2.894,4672"
09/06/2025,"2.918,9860"
10/06/2025,"2.943,9191"
11/06/2025,"2.927,7071"
12/06/2025,"2.916,3688"
13/06/2025,"2.898,8644"
14/06/2025,"2.898,7744"
15/06/2025,"2.898,6844"
16/06/2025,"2.930,9098"
17/06/2025,"2.917,1918"
18/06/2025,"2.930,4128"
19/06/2025,"2.941,5166"
20/06/2025,"2.941,4238"
21/06/2025,"2.941,3310"
22/06/2025,"2.941,2382"
23/06/2025,"2.967,0500"
24/06/2025,"2.976,3614"
25/06/2025,"2.979,9349"
26/06/2025,"2.987,0852"
27/06/2025,"3.009,5998"
28/06/2025,"3.009,5064"
29/06/2025,"3.009,4129"
30/06/2025,"3.017,6355"
01/07/2025,"2.984,3139"
02/07/2025,"3.007,3661"
03/07/2025,"3.036,8083"
04/07/2025,"3.051,0325"
05/07/2025,"3.050,9379"
06/07/2025,"3.050,8433"
07/07/2025,"3.049,4891"
08/07/2025,"3.074,1450"
09/07/2025,"3.101,8751"
10/07/2025,"3.112,5926"
11/07/2025,"3.118,9221"
12/07/2025,"3.118,8252"
13/07/2025,"3.118,7283"
14/07/2025,"3.158,7843"
15/07/2025,"3.157,0137"
16/07/2025,"3.156,9160"
17/07/2025,"3.189,8444"
18/07/2025,"3.174,3960"
19/07/2025,"3.174,2971"
20/07/2025,"3.174,1981"
21/07/2025,"3.166,0919"
22/07/2025,"3.148,3951"
23/07/2025,"3.148,4094"
24/07/2025,"3.154,1921"
25/07/2025,"3.182,5191"
26/07/2025,"3.182,4209"
27/07/2025,"3.182,3227"
28/07/2025,"3.231,2562"
29/07/2025,"3.224,7200"
30/07/2025,"3.249,3210"
31/07/2025,"3.222,5426"
01/08/2025,"3.136,4435"
02/08/2025,"3.136,3447"
03/08/2025,"3.136,2460"
04/08/2025,"3.177,6175"
05/08/2025,"3.166,9468"
06/08/2025,"3.225,0821"
07/08/2025,"3.219,1655"
08/08/2025,"3.219,3836"
09/08/2025,"3.219,2818"
10/08/2025,"3.219,1801"
11/08/2025,"3.222,4726"
12/08/2025,"3.245,1732"
13/08/2025,"3.231,3047"
14/08/2025,"3.255,4013"
15/08/2025,"3.255,2975"
16/08/2025,"3.255,1937"
17/08/2025,"3.255,0900"
18/08/2025,"3.260,7969"
19/08/2025,"3.215,2479"
20/08/2025,"3.205,2873"
21/08/2025,"3.205,3961"
22/08/2025,"3.252,0455"
23/08/2025,"3.251,9416"
24/08/2025,"3.251,8377"
25/08/2025,"3.234,6781"
26/08/2025,"3.258,5272"
27/08/2025,"3.275,6923"
28/08/2025,"3.290,3380"
29/08/2025,"3.248,2484"
30/08/2025,"3.248,1455"
31/08/2025,"3.248,0425"
01/09/2025,"3.258,1130"
02/09/2025,"3.254,8657"
03/09/2025,"3.254,1225"
04/09/2025,"3.283,4864"
05/09/2025,"3.270,6498"
06/09/2025,"3.270,5457"
07/09/2025,"3.270,4416"
08/09/2025,"3.297,9707"
09/09/2025,"3.301,5038"
10/09/2025,"3.301,6005"
11/09/2025,"3.303,6393"
12/09/2025,"3.302,1515"
13/09/2025,"3.302,0478"
14/09/2025,"3.301,9441"
15/09/2025,"3.315,5069"
16/09/2025,"3.303,9540"
17/09/2025,"3.305,5573"
18/09/2025,"3.305,4537"
19/09/2025,"3.305,3501"
20/09/2025,"3.305,2466"
21/09/2025,"3.305,1430"
22/09/2025,"3.394,8862"
23/09/2025,"3.368,7476"
24/09/2025,"3.352,7800"
25/09/2025,"3.349,1362"
26/09/2025,"3.373,9328"
27/09/2025,"3.373,8248"
28/09/2025,"3.373,7169"
29/09/2025,"3.397,1693"
30/09/2025,"3.416,4851"
01/10/2025,"3.430,1592"
02/10/2025,"3.456,0739"
03/10/2025,"3.460,1206"
04/10/2025,"3.460,0105"
05/10/2025,"3.459,9005"
06/10/2025,"3.489,1149"
07/10/2025,"3.457,3274"
08/10/2025,"3.466,1439"
09/10/2025,"3.442,2160"
10/10/2025,"3.352,6921"
11/10/2025,"3.352,5862"
12/10/2025,"3.352,4803"
13/10/2025,"3.440,0186"
14/10/2025,"3.443,5023"
15/10/2025,"3.459,3458"
16/10/2025,"3.444,6193"
17/10/2025,"3.461,8461"
18/10/2025,"3.461,7361"
19/10/2025,"3.461,6262"
20/10/2025,"3.484,4715"
21/10/2025,"3.458,0607"
22/10/2025,"3.420,1602"
23/10/2025,"3.435,5065"
24/10/2025,"3.461,7377"
25/10/2025,"3.461,6286"
26/10/2025,"3.461,5194"
27/10/2025,"3.484,5449"
28/10/2025,"3.508,0067"
29/10/2025,"3.514,4289"
30/10/2025,"3.489,5568"
31/10/2025,"3.489,4454"
01/11/2025,"3.489,3340"
02/11/2025,"3.489,2227"
03/11/2025,"3.497,4870"
04/11/2025,"3.443,2593"
05/11/2025,"3.474,3827"
06/11/2025,"3.405,4050"
07/11/2025,"3.421,8730"
08/11/2025,"3.421,7650"
09/11/2025,"3.421,6571"
10/11/2025,"3.470,1110"
11/11/2025,"3.444,5756"
12/11/2025,"3.440,0276"
13/11/2025,"3.344,3731"
14/11/2025,"3.363,5555"
15/11/2025,"3.363,4486"
16/11/2025,"3.363,3416"
17/11/2025,"3.277,4826"
18/11/2025,"3.276,1995"
19/11/2025,"3.298,7617"
20/11/2025,"3.217,6705"
21/11/2025,"3.274,0717"
22/11/2025,"3.273,9680"
23/11/2025,"3.273,8642"
24/11/2025,"3.349,0479"
25/11/2025,"3.365,6835"
26/11/2025,"3.377,3518"
27/11/2025,"3.371,4216"
28/11/2025,"3.395,1875"
29/11/2025,"3.395,0801"
30/11/2025,"3.394,9727"
01/12/2025,"3.384,6155"
02/12/2025,"3.395,1533"
03/12/2025,"3.390,6783"
04/12/2025,"3.388,6322"
05/12/2025,"3.405,3651"
06/12/2025,"3.405,2541"
07/12/2025,"3.405,1431"
08/12/2025,"3.405,0320"
09/12/2025,"3.434,8617"
10/12/2025,"3.446,4059"
11/12/2025,"3.423,3880"
12/12/2025,"3.343,1628"
13/12/2025,"3.343,0572"
14/12/2025,"3.342,9516"
15/12/2025,"3.326,1362"
16/12/2025,"3.330,4252"
17/12/2025,"3.292,7881"
18/12/2025,"3.321,5661"
19/12/2025,"3.346,9709"
20/12/2025,"3.346,8640"
21/12/2025,"3.346,7571"
22/12/2025,"3.367,4826"
23/12/2025,"3.377,3449"
24/12/2025,"3.377,9740"
25/12/2025,"3.377,8669"
26/12/2025,"3.380,8192"
27/12/2025,"3.380,7123"
28/12/2025,"3.380,6053"
29/12/2025,"3.379,4341"
30/12/2025,"3.360,2102"
31/12/2025,"3.360,1041"
01/01/2026,"3.359,9979"
02/01/2026,"3.338,4367"
03/01/2026,"3.338,3323"
04/01/2026,"3.338,2279"
05/01/2026,"3.380,1254"
06/01/2026,"3.384,4052"
07/01/2026,"3.368,8990"
08/01/2026,"3.356,7983"
09/01/2026,"3.384,2606"
10/01/2026,"3.384,1538"
11/01/2026,"3.384,0471"
12/01/2026,"3.361,0024"
13/01/2026,"3.350,6981"
14/01/2026,"3.328,6165"
15/01/2026,"3.348,0559"
16/01/2026,"3.359,5591"
17/01/2026,"3.359,4526"
18/01/2026,"3.359,3462"
19/01/2026,"3.365,3855"
20/01/2026,"3.315,9283"
21/01/2026,"3.320,8580"
22/01/2026,"3.323,6039"
23/01/2026,"3.320,5817"
24/01/2026,"3.320,4765"
25/01/2026,"3.320,3713"
26/01/2026,"3.306,3776"
27/01/2026,"3.342,4023"
28/01/2026,"3.346,6630"
29/01/2026,"3.332,7918"
30/01/2026,"3.285,5831"
31/01/2026,"3.285,4784"
01/02/2026,"3.285,3737"
02/02/2026,"3.309,5776"
03/02/2026,"3.248,8716"
04/02/2026,"3.197,8191"
05/02/2026,"3.179,9262"
06/02/2026,"3.251,3518"
07/02/2026,"3.251,2491"
08/02/2026,"3.251,1464"
09/02/2026,"3.267,7145"
10/02/2026,"3.259,8068"
11/02/2026,"3.272,3121"
12/02/2026,"3.199,3213"
13/02/2026,"3.244,4072"
14/02/2026,"3.244,3054"
15/02/2026,"3.244,2036"
16/02/2026,"3.241,9452"
17/02/2026,"3.257,3306"
18/02/2026,"3.264,8976"
19/02/2026,"3.268,7685"
20/02/2026,"3.297,6605"
21/02/2026,"3.297,5560"
22/02/2026,"3.297,4515"
23/02/2026,"3.272,4381"
24/02/2026,"3.290,7975"
25/02/2026,"3.297,7885"
26/02/2026,"3.281,1587"
27/02/2026,"3.295,6039"
28/02/2026,"3.295,4995"
01/03/2026,"3.295,3951"
02/03/2026,"3.348,2483"
03/03/2026,"3.360,9936"
04/03/2026,"3.358,7503"
05/03/2026,"3.381,0124"
06/03/2026,"3.380,2306"
07/03/2026,"3.380,1237"
08/03/2026,"3.380,0168"
09/03/2026,"3.405,8090"
10/03/2026,"3.327,9921"
11/03/2026,"3.337,9264"
12/03/2026,"3.324,2275"
13/03/2026,"3.313,2680"
14/03/2026,"3.313,1634"
15/03/2026,"3.313,0587"
16/03/2026,"3.336,3422"
17/03/2026,"3.338,6018"
18/03/2026,"3.311,5404"
19/03/2026,"3.329,3596"
20/03/2026,"3.267,7790"
21/03/2026,"3.267,6747"
22/03/2026,"3.267,5705"
23/03/2026,"3.275,0719"
24/03/2026,"3.267,4547"
25/03/2026,"3.293,3713"
26/03/2026,"3.238,3607"
27/03/2026,"3.214,4251"
28/03/2026,"3.214,3229"
29/03/2026,"3.214,2206"
30/03/2026,"3.185,4876"
31/03/2026,"3.292,9026"
01/04/2026,"3.297,4373"
02/04/2026,"3.321,0704"
03/04/2026,"3.320,9645"
04/04/2026,"3.320,8586"
05/04/2026,"3.320,7527"
06/04/2026,"3.310,9676"
07/04/2026,"3.348,2157"
08/04/2026,"3.354,4613"
09/04/2026,"3.371,0059"
10/04/2026,"3.370,1289"
11/04/2026,"3.370,0220"
12/04/2026,"3.369,9150"
13/04/2026,"3.445,0606"
14/04/2026,"3.450,6966"
15/04/2026,"3.473,9135"
16/04/2026,"3.489,8898"
17/04/2026,"3.505,7430"
18/04/2026,"3.505,6322"
19/04/2026,"3.505,5214"
20/04/2026,"3.524,2008"
21/04/2026,"3.525,7006"
22/04/2026,"3.584,9011"
23/04/2026,"3.574,9072"
24/04/2026,"3.648,4014"
25/04/2026,"3.648,2858"
26/04/2026,"3.648,1702"
27/04/2026,"3.637,9832"
28/04/2026,"3.595,6394"
29/04/2026,"3.626,9100"
30/04/2026,"3.676,3530"
01/05/2026,"3.676,2354"
02/05/2026,"3.676,1179"
03/05/2026,"3.676,0003"
04/05/2026,"3.709,0798"
05/05/2026,"3.749,6269"
06/05/2026,"3.790,5173"
07/05/2026,"3.740,0801"
08/05/2026,"3.829,2886"
09/05/2026,"3.829,1660"
10/05/2026,"3.829,0434"
11/05/2026,"3.867,6847"
12/05/2026,"3.851,4749"
13/05/2026,"3.841,9261"
14/05/2026,"3.874,6407"
15/05/2026,"3.865,9211"
16/05/2026,"3.865,7951"
17/05/2026,"3.865,6690"
18/05/2026,"3.825,8496"
19/05/2026,"3.825,7988"
20/05/2026,"3.870,1956"
21/05/2026,"3.870,0716"
22/05/2026,"3.913,5108"
23/05/2026,"3.913,3857"
24/05/2026,"3.913,2607"
25/05/2026,"3.884,8105"
26/05/2026,"3.962,4145"
27/05/2026,"3.949,3078"
28/05/2026,"3.971,9244"
29/05/2026,"3.984,9957"
30/05/2026,"3.984,8657"
31/05/2026,"3.984,7358"
01/06/2026,"4.021,2362"
02/06/2026,"4.050,8988"
03/06/2026,"4.051,6078"
04/06/2026,"4.044,2279"
05/06/2026,"3.910,2663"
06/06/2026,"3.910,1424"
07/06/2026,"3.910,0185"
08/06/2026,"4.005,1583"
09/06/2026,"3.953,8329"
10/06/2026,"3.864,1593"
11/06/2026,"3.967,9988"
12/06/2026,"3.949,9176"
13/06/2026,"3.949,7916"
14/06/2026,"3.949,6655"
15/06/2026,"4.014,5017"
16/06/2026,"3.928,5350"
17/06/2026,"3.886,3113"
18/06/2026,"4.022,3302"
19/06/2026,"4.037,2931"
20/06/2026,"4.037,1650"
21/06/2026,"4.037,0369"
22/06/2026,"4.062,2735"
23/06/2026,"3.986,6897"
24/06/2026,"3.990,9957"
25/06/2026,"3.999,8539"
26/06/2026,"3.978,2294"
27/06/2026,"3.978,1027"
28/06/2026,"3.977,9760"
29/06/2026,"3.977,8493"
30/06/2026,"4.108,8860"
01/07/2026,"4.076,6816"
02/07/2026,"4.009,2125"
03/07/2026,"4.009,6626"
04/07/2026,"4.009,5344"
05/07/2026,"4.009,4063"
06/07/2026,"4.076,6388"
07/07/2026,"4.015,0100"
08/07/2026,"4.057,3939"
09/07/2026,"4.086,5190"
10/07/2026,"4.077,4920"
11/07/2026,"4.077,3621"
12/07/2026,"4.077,2323"
13/07/2026,"4.021,8825"
14/07/2026,"4.045,1310"
15/07/2026,"4.040,7629"
16/07/2026,"4.040,6312"
17/07/2026,"3.984,6052"
18/07/2026,"3.984,4777"
19/07/2026,"3.984,3502"
20/07/2026,"3.976,3508"
21/07/2026,"4.049,1433"
22/07/2026,"4.061,9443"
23/07/2026,"4.046,5376"
24/07/2026,"4.018,2998"
25/07/2026,"4.018,1714"
26/07/2026,"4.018,0430"
27/07/2026,"3.991,0998"
28/07/2026,"3.937,3139"
29/07/2026,"3.863,8732"
30/07/2026,"3.939,7409"
31/07/2026,"3.958,6230"
01/08/2026,"3.958,4971"
02/08/2026,"3.958,3712"
03/08/2026,"3.996,3391"
04/08/2026,"4.060,9768"
05/08/2026,"4.046,0233"
06/08/2026,"4.054,4606"
07/08/2026,"4.094,3603"
08/08/2026,"4.094,2293"
09/08/2026,"4.094,0982"
10/08/2026,"4.101,5266"
11/08/2026,"4.092,5116"
12/08/2026,"4.110,1954"
13/08/2026,"4.136,8481"
14/08/2026,"4.136,5971"
15/08/2026,"4.136,4660"
16/08/2026,"4.136,3348"
17/08/2026,"4.144,1957"
18/08/2026,"4.113,6248"
19/08/2026,"4.109,5699"
20/08/2026,"4.107,8326"
21/08/2026,"4.101,7805"
22/08/2026,"4.101,6492"
23/08/2026,"4.101,5180"
24/08/2026,"4.053,6302"
25/08/2026,"4.060,0869"
26/08/2026,"4.089,9845"
27/08/2026,"4.174,9299"
28/08/2026,"4.151,3559"
29/08/2026,"4.151,2231"
30/08/2026,"4.151,0903"
31/08/2026,"4.174,7961"
01/09/2026,"4.140,8298"
02/09/2026,"4.156,7309"
03/09/2026,"4.188,7679"
04/09/2026,"4.197,6257"
05/09/2026,"4.197,4930"
06/09/2026,"4.197,3603"
07/09/2026,"4.194,6329"
08/09/2026,"4.153,2771"
09/09/2026,"4.142,0566"
10/09/2026,"4.148,5662"
11/09/2026,"4.202,8005"
12/09/2026,"4.202,6662"
13/09/2026,"4.202,5320"
14/09/2026,"4.220,4349"
15/09/2026,"4.202,4627"
16/09/2026,"4.191,9596"
17/09/2026,"4.271,4609"
18/09/2026,"4.271,3241"
19/09/2026,"4.271,1873"
20/09/2026,"4.271,0505"
21/09/2026,"4.335,7073"
22/09/2026,"4.330,8201"
23/09/2026,"4.353,8712"
24/09/2026,"4.374,4032"