history_mode,strategy,CAGR_point,CAGR_CI95_low,CAGR_CI95_high,Sharpe_point,Sharpe_CI95_low,Sharpe_CI95_high,maxDD_point,maxDD_CI95_low,maxDD_CI95_high,n_months,n_boot,block_months
common,B0_buy_hold,0.313667,0.050256,0.620086,1.264797,0.324822,2.328885,-0.360233,-0.513781,-0.095491,71,5000,6
common,B1_dca,0.296366,0.050565,0.582223,1.263256,0.332475,2.294801,-0.343087,-0.488912,-0.089565,71,5000,6
common,S1_momentum,0.287823,0.006853,0.658318,0.923712,0.177529,1.644635,-0.425234,-0.570857,-0.131762,71,5000,6
common,S3_rotation,0.301674,0.026921,0.654728,0.939476,0.240034,1.633543,-0.425765,-0.555087,-0.134264,71,5000,6
common,S4_moving_average,-0.004213,-0.239985,0.307190,0.153451,-0.766309,0.872368,-0.526213,-0.841817,-0.221336,71,5000,6
common,S5_dynamic_allocation,0.223394,0.030510,0.457772,1.026804,0.245788,1.784853,-0.268361,-0.399323,-0.089323,71,5000,6
common,S6_risk_parity,0.257259,-0.220398,1.031437,0.674467,-0.195337,1.518702,-0.706467,-0.913267,-0.371870,71,5000,6
expanding,B0_buy_hold,0.528211,0.120829,1.128859,0.649850,0.392146,1.067467,-0.817664,-0.974595,-0.630385,319,5000,6
expanding,B1_dca,0.482105,0.100716,1.029681,0.623143,0.374300,1.044621,-0.816183,-0.966303,-0.623199,319,5000,6
expanding,S1_momentum,0.287064,0.118219,0.493785,0.809323,0.478009,1.168610,-0.536943,-0.794423,-0.326402,319,5000,6
expanding,S3_rotation,0.282307,0.117689,0.480768,0.797380,0.478069,1.146131,-0.511203,-0.777799,-0.352983,319,5000,6
expanding,S4_moving_average,0.177816,-0.041270,0.496362,0.510301,0.055697,0.859049,-0.661035,-0.961697,-0.478626,319,5000,6
expanding,S5_dynamic_allocation,0.228216,0.112701,0.362769,0.864992,0.573435,1.235635,-0.313433,-0.536705,-0.197857,319,5000,6
expanding,S6_risk_parity,0.657258,0.175210,1.427675,0.698666,0.437718,1.018271,-0.797925,-0.968809,-0.610834,319,5000,6