PLTR,,,,,
Date,Open,High,Low,Close,Volume
30/09/2020,10,11.42,9.11,9.5,338584375
01/10/2020,9.69,10.1,9.23,9.46,124297602
02/10/2020,9.06,9.28,8.94,9.2,55018340
05/10/2020,9.43,9.49,8.92,9.03,36316879
06/10/2020,9.04,10.18,8.9,9.9,90864039
07/10/2020,10.04,10.49,9.99,10,54672422
08/10/2020,10.29,10.4,9.99,10,34989191
09/10/2020,10.13,10.19,9.89,9.95,19653449
12/10/2020,10.04,10.05,9.66,9.89,20623570
13/10/2020,9.88,9.88,9.41,9.47,21847180
14/10/2020,9.6,9.66,9.29,9.34,13785100
15/10/2020,9.27,9.91,9.18,9.91,12924090
16/10/2020,9.94,9.95,9.66,9.71,11142460
19/10/2020,9.79,9.82,9.53,9.57,9126352
20/10/2020,9.6,9.66,9.27,9.27,11138220
21/10/2020,9.3,9.48,9.2,9.2,9189978
22/10/2020,9.37,9.75,9.22,9.68,17928580
23/10/2020,9.71,9.83,9.47,9.49,12618010
26/10/2020,9.72,9.97,9.6,9.95,23767340
27/10/2020,10,11.04,9.92,10.95,53695930
28/10/2020,10.66,10.99,10.1,10.85,30941721
29/10/2020,10.9,11.1,10.56,10.75,20515711
30/10/2020,10.61,10.68,9.85,10.13,19728369
02/11/2020,10.23,10.57,10.23,10.54,11677850
03/11/2020,10.57,10.94,10.44,10.5,21652811
04/11/2020,10.82,10.92,10.55,10.72,15783360
05/11/2020,10.9,12.13,10.85,11.88,48560379
06/11/2020,12.22,14.96,12.05,13.83,89977562
09/11/2020,14.96,15.9,14.11,14.67,60098961
10/11/2020,14.99,15.01,13.18,14,38078738
11/11/2020,14.57,15.97,14.4,15.96,47027941
12/11/2020,16.66,17.06,14.41,14.58,99287570
13/11/2020,14.49,16,14.49,15.8,76622570
16/11/2020,15.96,16.1,15.01,15.93,65325992
17/11/2020,16.29,18.75,16.18,17.85,116618492
18/11/2020,18.28,19.25,17.54,17.9,89957891
19/11/2020,18.5,18.98,17.96,18.98,56225398
20/11/2020,19.03,19.66,18,18.15,72103992
23/11/2020,18.63,21.45,18.57,21.04,84716305
24/11/2020,22.35,24.27,20.63,23.82,115468797
25/11/2020,23.96,29.75,23.69,29.05,202563703
27/11/2020,31.19,33.5,26.12,27.66,207834000
30/11/2020,28.24,30.15,24.11,27.11,137243016
01/12/2020,28.09,28.14,24.45,25.67,84539786
02/12/2020,22.24,23.4,21.15,22.51,149062083
03/12/2020,23.55,25.62,23.5,24.03,85634262
04/12/2020,24.88,25.24,23.51,23.85,56044061
07/12/2020,24.44,29,24.44,28.94,118463662
08/12/2020,30.63,31.24,27.25,28.59,124754317
09/12/2020,28.68,28.85,25.33,26.63,79634716
10/12/2020,25.54,28.04,25.15,27.04,57774820
11/12/2020,27.15,28.27,26.06,27.2,52764350
14/12/2020,28.26,28.26,26.73,27.24,44734521
15/12/2020,26.82,27.1,25.52,26.43,49273241
16/12/2020,25.71,26.16,25.11,25.92,44013392
17/12/2020,26.52,27.45,26.05,27.23,53829804
18/12/2020,26.27,26.85,25.8,25.97,71042932
21/12/2020,26.19,28.7,25.4,28.51,76729131
22/12/2020,29.03,29.42,26.82,28.04,66196470
23/12/2020,28.95,29.39,28.05,28.69,58772227
24/12/2020,28.8,29.16,27.52,27.75,26306795
28/12/2020,28.39,28.59,25.4,25.63,55878713
29/12/2020,25.75,26.18,24.34,24.66,47302415
30/12/2020,24.97,25.91,24.63,25.1,34586667
31/12/2020,24.63,24.72,23.52,23.55,39922546
04/01/2021,23.91,24.5,22.5,23.37,44970355
05/01/2021,23.18,24.67,22.89,24.6,29050437
06/01/2021,24.12,24.46,23.25,23.54,32732892
07/01/2021,24.02,25.19,23.67,25,32240048
08/01/2021,25.7,26.44,24.7,25.2,41313824
11/01/2021,24.61,26.6,24.31,25.93,32608983
12/01/2021,26.34,26.42,25.51,26.18,26994964
13/01/2021,25.71,27.43,25.13,25.5,51216556
14/01/2021,25.45,25.62,24.37,24.92,32908003
15/01/2021,26.26,28,25.46,25.64,92285513
19/01/2021,26.81,27.54,26,26.62,48675845
20/01/2021,27.29,27.3,25.7,26.34,37459017
21/01/2021,26.42,26.68,25.3,25.98,29891354
22/01/2021,25.85,32.65,25.82,32.58,156844666
25/01/2021,34.46,39.58,29.56,36.23,191345300
26/01/2021,35.14,36.87,34.32,35.37,65869976
27/01/2021,32.97,45,32.25,39,170758759
28/01/2021,39.54,42,33.1,35.66,85250675
29/01/2021,36.61,38.01,34.66,35.18,42030917
01/02/2021,35.33,35.62,32.58,33.96,43460896
02/02/2021,34.1,34.2,30.5,31.02,69647948
03/02/2021,32.39,32.95,31.38,31.76,35311995
04/02/2021,32.58,33.18,31.05,32.05,31657211
05/02/2021,32.61,35.2,31.75,34.05,62375282
08/02/2021,37.22,39.22,35.89,36.05,72610624
09/02/2021,36.9,38.26,36.13,38.17,44243214
10/02/2021,38.15,38.24,35,35.7,45177247
11/02/2021,35.79,35.98,32.61,33.11,52094876
12/02/2021,33.36,33.65,31.34,31.91,60925593
16/02/2021,30.02,30.44,27.3,27.84,180294325
17/02/2021,27.99,29.73,27,27.08,151007022
18/02/2021,24.99,26.31,24.5,25.17,313175121
19/02/2021,27.02,29.96,26.9,29,320063732
22/02/2021,29.96,30.19,27.54,28,183049487
23/02/2021,25.96,27.46,23.9,26.75,145289437
24/02/2021,26.71,27.23,25.75,26.39,90095691
25/02/2021,25.82,26.44,23.15,23.96,161776411
26/02/2021,24.2,24.5,22.7,23.9,119588572
01/03/2021,25.19,25.9,24.62,24.81,85059882
02/03/2021,25,25.59,24.26,24.48,73996950
03/03/2021,24.99,25.17,23.43,23.59,79046238
04/03/2021,24.85,25.56,23.05,24.73,161611160
05/03/2021,24.36,24.68,20.18,23.95,173468558
08/03/2021,23.77,24.58,22.4,22.52,94432814
09/03/2021,23.38,24.74,23.1,24.26,99586460
10/03/2021,25.03,26.24,24.27,24.75,103212792
11/03/2021,25.95,26.84,25.58,26.73,84788705
12/03/2021,25.74,26.92,25.18,26.92,58721863
15/03/2021,27.35,27.47,26.31,26.79,56548963
16/03/2021,26.75,27.1,25.23,25.61,73615140
17/03/2021,24.52,25.73,24.3,25.21,77081743
18/03/2021,24.73,25.18,23.78,23.98,57523321
19/03/2021,24.01,24.57,23.39,24.32,57915872
22/03/2021,24.89,24.92,23.86,24.22,46208146
23/03/2021,24,24.11,23.1,23.26,50169702
24/03/2021,23.3,23.49,21.75,21.88,69271892
25/03/2021,21.2,22.8,21.05,22.58,74592579
26/03/2021,22.63,23.05,21.76,22.58,57916429
29/03/2021,22.48,22.5,21.39,21.73,57647369
30/03/2021,21.36,22.09,20.86,22.04,52039738
31/03/2021,22.5,23.85,22.38,23.29,61458497
01/04/2021,23.95,23.95,22.73,23.07,51788762
05/04/2021,23.78,24.45,23.34,23.44,65374263
06/04/2021,23.55,23.61,22.83,23.27,41933453
07/04/2021,23,23.55,22.81,22.9,32766194
08/04/2021,23.2,23.6,22.74,23.41,35905537
09/04/2021,23.46,24.35,23.37,24.04,54082682
12/04/2021,24.52,24.55,22.73,23.34,68620842
13/04/2021,23.19,25.66,23.12,25.42,83913494
14/04/2021,25.35,26.2,23.65,23.7,108793791
15/04/2021,24.01,24.06,22.69,23.15,58849349
16/04/2021,22.86,23.26,22.3,22.47,46627689
19/04/2021,22.15,22.33,21.53,21.94,45753872
20/04/2021,21.96,22.55,21.24,21.78,47123090
21/04/2021,21.65,22.64,21.43,22.63,42641404
22/04/2021,22.94,23.51,22.51,22.86,51346366
23/04/2021,22.89,23.55,22.74,23.41,32169533
26/04/2021,23.69,24.26,23.46,24.11,33667583
27/04/2021,24.17,24.26,23.57,23.88,27678340
28/04/2021,23.67,24.17,23.42,23.85,22068111
29/04/2021,23.87,24.14,22.81,23.37,36770148
30/04/2021,23.18,23.55,22.84,23.04,24717299
03/05/2021,23.01,23.08,22.21,22.3,33934417
04/05/2021,21.94,22.2,20.87,21.64,63429554
05/05/2021,21.81,21.94,20.97,21.15,39134673
06/05/2021,21.02,21.02,19.41,20.09,92201104
07/05/2021,20.3,20.75,19.58,19.75,63725501
10/05/2021,19.28,19.3,18.18,18.47,104670546
11/05/2021,17.2,20.3,17.06,20.21,203230517
12/05/2021,20,20,18.51,18.89,128281543
13/05/2021,19.14,19.47,17.82,18.37,87811609
14/05/2021,18.82,20.2,18.53,20.08,79409513
17/05/2021,19.73,20.49,19.63,20.46,50039596
18/05/2021,20.52,21.62,20.26,21.24,59672370
19/05/2021,20.1,21.04,19.94,20.67,45314036
20/05/2021,20.75,20.81,20.28,20.61,46302386
21/05/2021,20.84,21.16,20.47,20.75,35372922
24/05/2021,21.06,21.52,20.68,21.22,46596776
25/05/2021,21.42,22.11,21.28,21.48,49890803
26/05/2021,21.58,22.24,21.49,22.12,42958297
27/05/2021,22.01,22.7,21.65,22.7,76230463
28/05/2021,23,24.75,22.76,22.95,111845970
01/06/2021,23.19,23.35,22.36,23.06,52695506
02/06/2021,23.02,24.84,22.82,24.45,86473158
03/06/2021,24.14,24.26,23.34,23.63,48164194
04/06/2021,23.71,24.49,23.5,24.03,42537599
07/06/2021,24,24.76,23.79,24.46,49641037
08/06/2021,24.85,25.23,23.93,24.38,53488561
09/06/2021,24.45,24.74,24.17,24.17,36006240
10/06/2021,24,24.39,23.44,24.14,35482902
11/06/2021,24.12,24.71,24.03,24.67,33113056
14/06/2021,24.73,25.15,24.47,25,51801476
15/06/2021,25.03,25.55,24.39,24.41,46693199
16/06/2021,24.09,24.94,23.86,24.8,58452612
17/06/2021,24.68,25.46,24.55,25.45,64408370
18/06/2021,25.59,25.94,25.02,25.37,65852610
21/06/2021,25.1,25.55,24.51,25.42,54805001
22/06/2021,25.39,25.52,24.96,25.4,46171052
23/06/2021,25.46,26.35,25.34,26.27,53362161
24/06/2021,26.49,26.71,26.17,26.53,48419360
25/06/2021,26.58,27.01,26.25,26.78,140832704
28/06/2021,26.98,27.5,26.86,27.38,42184606
29/06/2021,27.38,27.44,26.44,26.63,38478919
30/06/2021,26.48,26.92,26.21,26.36,28957136
01/07/2021,26.1,26.13,24.59,24.72,55571523
02/07/2021,25,25.34,24.33,24.44,29529097
06/07/2021,24.6,25.2,24.47,24.68,28764530
07/07/2021,24.23,24.26,22.72,22.89,66937305
08/07/2021,22.43,23.21,22.25,23.08,34612558
09/07/2021,22.96,23.39,22.76,23.29,22492370
12/07/2021,23.26,23.5,22.88,22.95,23457170
13/07/2021,22.98,22.99,22.42,22.45,24748843
14/07/2021,22.49,22.62,21.51,21.56,33796192
15/07/2021,21.72,22.06,21.01,21.47,31870960
16/07/2021,21.6,21.71,21.24,21.37,19503109
19/07/2021,20.97,21.69,20.55,21.54,30314387
20/07/2021,21.63,22.35,21.22,22.18,22954034
21/07/2021,22.27,22.68,22.12,22.52,20437265
22/07/2021,22.55,22.67,21.88,22.07,17468879
23/07/2021,22.01,22.08,21.51,21.81,17653323
26/07/2021,21.8,22.3,21.48,22.13,16267893
27/07/2021,21.96,22.11,21.09,21.68,23078733
28/07/2021,21.75,22.62,21.69,22.56,25073557
29/07/2021,22.78,22.85,22.14,22.18,19219083
30/07/2021,21.85,22.41,21.71,21.71,15889153
02/08/2021,21.91,22.37,21.48,22.1,21372877
03/08/2021,22.03,22.27,21.71,22.24,17040068
04/08/2021,22.2,22.54,22.07,22.3,15537433
05/08/2021,22.22,22.77,22.02,22.52,18575248
06/08/2021,22.64,22.69,21.79,21.82,24200671
09/08/2021,21.85,23.28,21.8,22.93,35611060
10/08/2021,23.01,23.52,22.78,22.92,25947920
11/08/2021,23.07,23.19,22.09,22.35,34678970
12/08/2021,24.45,25.76,23.59,24.89,189542237
13/08/2021,25,25.1,24.31,24.9,52395086
16/08/2021,24.9,24.9,23.77,24.5,46189789
17/08/2021,23.9,24.59,23.74,23.97,35348320
18/08/2021,24.07,25.94,23.68,25.28,92065605
19/08/2021,25.01,25.64,24.14,24.16,67605646
20/08/2021,24.22,24.48,23.66,24.01,52062313
23/08/2021,24.02,24.93,23.9,24.82,35705261
24/08/2021,25,25.35,24.76,25.1,37227370
25/08/2021,25.12,25.19,24.07,24.35,54678454
26/08/2021,24.4,25.41,24.36,24.87,46179423
27/08/2021,25.05,26.09,24.91,25.71,52268503
30/08/2021,25.74,26.6,25.62,25.76,44139329
31/08/2021,25.79,26.36,25.66,26.34,93168646
01/09/2021,26.46,26.51,26.03,26.2,34417234
02/09/2021,26.21,26.87,26.09,26.51,38507376
03/09/2021,26.49,26.75,26.22,26.64,26652612
07/09/2021,26.79,26.88,26.27,26.7,35835094
08/09/2021,26.6,26.61,24.96,25.58,54394364
09/09/2021,25.39,26.24,25.29,26.13,34190814
10/09/2021,26.18,26.73,26.17,26.28,37307791
13/09/2021,26.15,26.24,25.03,25.83,42372268
14/09/2021,25.97,26.7,25.9,26.26,34568976
15/09/2021,26.3,27.15,26.03,27.08,49555491
16/09/2021,27.2,28.79,27.02,28.63,109991984
17/09/2021,28.66,29.29,28.07,28.71,182214590
20/09/2021,27.57,28.1,26.06,26.55,89413466
21/09/2021,26.89,27.15,26.08,26.62,50933596
22/09/2021,26.61,27.77,26.58,27.43,44308146
23/09/2021,27.71,29.19,27.67,28.77,60028602
24/09/2021,28.27,28.76,27.9,28.56,40309743
27/09/2021,28.23,28.38,27.23,27.47,44102849
28/09/2021,27.02,27.13,25.21,25.34,64206202
29/09/2021,25.61,25.7,24.42,24.52,46164524
30/09/2021,24.69,25.05,23.88,24.04,59505593
01/10/2021,24.21,24.36,23.72,24.33,32777971
04/10/2021,24.01,24.05,23.02,23.17,46789720
05/10/2021,23.21,23.88,23.07,23.21,56574824
06/10/2021,24.91,25.01,23.35,23.58,125175676
07/10/2021,23.71,24.13,23.54,23.73,38873699
08/10/2021,23.86,24.1,23.11,23.5,39713420
11/10/2021,23.26,23.98,23.26,23.53,23971679
12/10/2021,23.55,23.81,23.29,23.69,26280035
13/10/2021,23.83,24.31,23.79,24.13,28494029
14/10/2021,24.43,24.71,24.21,24.35,26106710
15/10/2021,24.5,24.52,23.83,24,24366136
18/10/2021,24,24.39,23.92,24.26,25609889
19/10/2021,24.5,25.2,24.36,24.69,29393871
20/10/2021,24.79,24.96,24.17,24.22,24248046
21/10/2021,24.13,24.93,24.08,24.78,23976568
22/10/2021,24.49,24.85,24.25,24.43,20166825
25/10/2021,24.5,25.54,24.48,25.41,33962065
26/10/2021,25.99,26.75,25.25,25.52,56767030
27/10/2021,25.64,25.9,25.02,25.06,24157199
28/10/2021,25.3,25.8,25.12,25.64,21203027
29/10/2021,25.5,26.12,25.45,25.88,21910308
01/11/2021,26.11,26.65,25.88,26.56,26684709
02/11/2021,26.56,26.72,25.56,25.92,30794632
03/11/2021,25.89,26.24,25.17,26.12,25244192
04/11/2021,26.26,26.57,25.87,26.47,25029657
05/11/2021,26.45,26.63,25.72,26,26004970
08/11/2021,26.25,27.11,26.12,26.75,41359562
09/11/2021,25.9,25.98,23.95,24.25,117540155
10/11/2021,23.6,23.64,22.12,22.52,94860149
11/11/2021,23.04,23.13,22.67,22.99,43381487
12/11/2021,23.02,23.23,22.38,22.83,53516196
15/11/2021,23,23.52,22.95,23.41,33225734
16/11/2021,23.29,23.29,22.61,23.13,31574786
17/11/2021,23.05,23.22,22.4,22.49,27994121
18/11/2021,22.5,22.55,21.34,21.5,51039943
19/11/2021,21.6,21.96,21.3,21.41,30013125
22/11/2021,21.53,21.57,20.18,20.65,59899106
23/11/2021,20.59,21.05,20.05,20.59,44587969
24/11/2021,20.35,21.2,20.06,21.11,35233903
26/11/2021,20.41,21.09,20.35,21.03,20691212
29/11/2021,21.19,21.4,20.56,21.07,29113989
30/11/2021,20.95,21.25,20.11,20.65,38196416
01/12/2021,20.53,20.89,19.29,19.38,48488718
02/12/2021,19.3,19.91,19.06,19.69,45802940
03/12/2021,19.5,19.53,18.4,18.98,56039602
06/12/2021,18.54,18.97,18.08,18.8,56459758
07/12/2021,19.26,19.86,19.07,19.46,35128988
08/12/2021,19.51,19.83,19.03,19.82,28425939
09/12/2021,19.95,20.15,19.04,19.21,30354670
10/12/2021,19.28,19.58,18.7,18.94,27594490
13/12/2021,18.8,19.08,18.17,18.4,38376018
14/12/2021,18,18.86,17.91,18.64,38864751
15/12/2021,18.37,18.94,18,18.86,39361880
16/12/2021,18.96,19.12,18.15,18.34,33949973
17/12/2021,18.03,19.1,17.81,19.06,44495175
20/12/2021,18.59,18.67,17.84,17.96,42265899
21/12/2021,18.16,18.98,18.1,18.9,33878598
22/12/2021,18.65,19.45,18.65,18.88,33894183
23/12/2021,18.85,19.14,18.72,18.93,24758314
27/12/2021,18.78,19.25,18.78,18.94,21782025
28/12/2021,18.89,19.07,18.44,18.57,20518849
29/12/2021,18.53,18.6,17.91,18.17,28217548
30/12/2021,18.1,19,18.07,18.69,29285189
31/12/2021,18.61,18.92,18.21,18.21,23555998
03/01/2022,18.36,18.57,17.86,18.53,34386628
04/01/2022,18.61,18.84,17.79,18.17,39643168
05/01/2022,18.03,18.57,16.87,16.96,58445907
06/01/2022,16.87,17.18,16.06,16.74,49737071
07/01/2022,16.7,17.33,16.48,16.56,37989265
10/01/2022,16.19,16.57,15.35,16.5,77649430
11/01/2022,16.4,17.25,16.32,16.89,47442586
12/01/2022,17.16,17.46,16.4,16.72,39784185
13/01/2022,16.8,16.82,15.94,16.01,35492186
14/01/2022,15.94,16.25,15.62,16.01,35624910
18/01/2022,15.45,15.75,14.92,14.97,49275074
19/01/2022,14.9,15.25,14.54,14.56,48049078
20/01/2022,14.89,15.55,14.57,14.62,44690391
21/01/2022,14.25,14.48,13.5,13.53,73031305
24/01/2022,12.79,13.41,11.75,13.4,110640165
25/01/2022,13.12,13.6,12.83,13.06,47456624
26/01/2022,13.6,13.82,12.68,12.75,69949711
27/01/2022,13.01,13.06,12.2,12.28,52622863
28/01/2022,12.3,12.88,11.89,12.71,54887541
31/01/2022,12.77,13.74,12.76,13.71,51039253
01/02/2022,14.23,14.37,13.56,14.2,69012946
02/02/2022,14.09,14.2,13.19,13.32,47204312
03/02/2022,12.95,13.32,12.42,12.45,47236945
04/02/2022,12.47,13.09,12.27,12.94,38989151
07/02/2022,13.03,13.6,12.94,12.98,45646074
08/02/2022,12.75,13.19,12.62,13.15,30317109
09/02/2022,13.29,13.89,13.26,13.87,34451922
10/02/2022,13.5,14.17,13.37,13.56,41998243
11/02/2022,13.45,13.92,12.97,13.13,41831569
14/02/2022,13.1,13.8,12.98,13.26,40617850
15/02/2022,13.52,14.19,13.41,14.17,48523679
16/02/2022,13.91,14.26,13.66,13.97,58624449
17/02/2022,12.39,12.7,11.7,11.77,151385399
18/02/2022,11.92,12.01,10.57,11.02,137808130
22/02/2022,10.7,11.19,10.3,10.48,104501495
23/02/2022,10.83,11.26,10.4,10.43,93964473
24/02/2022,9.75,11.87,9.74,11.83,118793047
25/02/2022,11.59,11.89,11,11.47,75433711
28/02/2022,11.96,12.18,11.39,11.85,75390479
01/03/2022,11.99,12.52,11.71,12.18,64867173
02/03/2022,12.21,12.21,11.42,12.06,56698280
03/03/2022,12.01,12.06,11.24,11.34,46171972
04/03/2022,11.7,11.77,10.74,10.96,43631139
07/03/2022,11.43,11.75,11.1,11.11,63070581
08/03/2022,10.93,11.39,10.72,11.04,49279564
09/03/2022,11.41,12.02,11.27,11.65,43591369
10/03/2022,11.38,11.97,11.32,11.87,52295390
11/03/2022,11.86,12.01,11.37,11.39,37817372
14/03/2022,11.17,11.41,10.41,10.5,49762551
15/03/2022,10.47,10.85,10.27,10.77,40451175
16/03/2022,10.95,11.82,10.94,11.79,62746614
17/03/2022,11.72,12.37,11.66,12.32,43948861
18/03/2022,12.28,13.02,12.22,12.82,59125472
21/03/2022,12.72,13.05,12.42,12.59,39410854
22/03/2022,12.52,13.48,12.52,13.27,46210656
23/03/2022,13.16,13.55,13.02,13.18,33699354
24/03/2022,13.25,13.42,12.83,13.39,29535255
25/03/2022,13.36,13.4,12.71,12.97,24796929
28/03/2022,13.01,13.44,12.86,13.42,27151982
29/03/2022,13.65,14.28,13.35,14.2,46433721
30/03/2022,14.04,14.36,13.74,13.88,32163994
31/03/2022,13.9,14.06,13.63,13.73,22839957
01/04/2022,13.77,14.07,13.5,13.83,23831607
04/04/2022,14.03,14.66,14.02,14.63,40124782
05/04/2022,14.61,14.86,13.8,13.89,37677310
06/04/2022,13.52,13.54,12.85,13,40647687
07/04/2022,12.95,13.34,12.48,12.84,34727408
08/04/2022,12.7,13.05,12.57,12.7,24962502
11/04/2022,12.45,12.82,12.13,12.66,26095830
12/04/2022,12.88,13.2,12.43,12.46,26226526
13/04/2022,12.35,12.94,12.23,12.9,21152882
14/04/2022,12.92,12.92,12.41,12.42,23284123
18/04/2022,12.35,12.42,11.88,12.15,25395600
19/04/2022,12.08,13.02,12.07,12.91,31753902
20/04/2022,13.08,13.17,12.74,12.79,31528605
21/04/2022,13.02,13.33,12.23,12.33,32008952
22/04/2022,12.33,12.73,11.86,11.96,30386141
25/04/2022,11.83,12.16,11.68,12.11,31727574
26/04/2022,11.94,12.05,11.1,11.12,38666484
27/04/2022,11.01,11.2,10.53,10.56,54508483
28/04/2022,10.69,11.05,10.37,10.95,40074509
29/04/2022,10.9,11.23,10.36,10.4,30937495
02/05/2022,10.38,10.76,10.18,10.74,41193848
03/05/2022,10.69,10.98,10.44,10.55,31372676
04/05/2022,10.53,11.01,10.08,10.98,43239867
05/05/2022,10.8,10.8,9.98,10.12,40523644
06/05/2022,10,10.05,9.42,9.48,69691303
09/05/2022,7.78,7.85,7.32,7.46,170871733
10/05/2022,7.56,7.7,6.93,7.29,86932388
11/05/2022,7.28,7.54,6.66,6.71,72894876
12/05/2022,6.55,7.38,6.44,7.34,82147335
13/05/2022,7.52,8.35,7.52,8.34,69242703
16/05/2022,8.17,8.43,8.01,8.04,46153164
17/05/2022,8.1,8.46,8.01,8.36,38620821
18/05/2022,8.21,8.43,7.92,8.01,29304567
19/05/2022,7.97,8.58,7.95,8.31,35780868
20/05/2022,8.26,8.4,7.71,8.08,40879105
23/05/2022,8.01,8.17,7.8,8.01,27755176
24/05/2022,7.98,7.99,7.37,7.55,47218653
25/05/2022,7.52,8.02,7.51,7.96,35068948
26/05/2022,7.84,8.4,7.77,8.36,39738920
27/05/2022,8.5,8.85,8.43,8.85,37063986
31/05/2022,8.97,9.1,8.56,8.68,41672271
01/06/2022,8.72,8.98,8.38,8.46,34438066
02/06/2022,8.54,9.39,8.46,9.3,41479909
03/06/2022,9.04,9.25,8.86,8.94,36632342
06/06/2022,9.11,9.21,8.78,8.98,35101113
07/06/2022,8.89,9.14,8.73,9.13,28049430
08/06/2022,9.18,9.42,9.09,9.18,29056310
09/06/2022,9.13,9.16,8.67,8.68,30588227
10/06/2022,8.48,8.58,8.14,8.26,30293236
13/06/2022,7.99,8,7.5,7.64,40942971
14/06/2022,7.74,7.98,7.59,7.82,30564136
15/06/2022,7.92,8.3,7.82,8.12,38235303
16/06/2022,7.84,7.99,7.58,7.67,36793539
17/06/2022,7.7,8.33,7.69,8.24,45517993
21/06/2022,8.59,9.05,8.56,8.71,48887634
22/06/2022,8.52,9.29,8.45,9.01,43486258
23/06/2022,9.02,9.5,8.84,9.46,44618047
24/06/2022,9.53,10.2,9.48,10.19,67826046
27/06/2022,10.15,10.16,9.51,9.62,44767950
28/06/2022,9.57,9.88,9.19,9.31,45683156
29/06/2022,9.35,9.42,9.07,9.23,40408663
30/06/2022,9.02,9.19,8.72,9.07,33636395
01/07/2022,9.11,9.43,9.03,9.27,33504389
05/07/2022,9.14,10.1,9,10.07,55913039
06/07/2022,10.01,10.31,9.74,9.8,54604339
07/07/2022,9.76,10.28,9.75,10.18,35672506
08/07/2022,9.92,10.38,9.83,10.17,36737070
11/07/2022,9.98,9.99,9.53,9.56,34049499
12/07/2022,9.66,9.96,9.27,9.49,42765812
13/07/2022,9.22,9.55,9.05,9.28,32461304
14/07/2022,9.23,9.28,8.85,8.9,26702065
15/07/2022,9.01,9.12,8.65,9.04,34918133
18/07/2022,9.25,9.45,9.01,9.03,32428356
19/07/2022,9.15,9.37,8.89,9.34,29033769
20/07/2022,9.44,10.2,9.44,10.11,40845162
21/07/2022,10.37,10.76,10.22,10.49,51691188
22/07/2022,10.35,10.57,9.73,9.84,38915495
25/07/2022,9.83,9.85,9.52,9.68,21484978
26/07/2022,9.66,9.66,9.38,9.4,21997819
27/07/2022,9.67,10.03,9.5,10.02,29810929
28/07/2022,10.03,10.2,9.74,10.13,27172854
29/07/2022,10.01,10.35,9.92,10.35,31106607
01/08/2022,10.25,10.7,10.12,10.47,31694733
02/08/2022,10.32,11.23,10.26,10.92,40958813
03/08/2022,11.08,11.34,11.04,11.2,35796465
04/08/2022,11.19,11.41,11.03,11.32,32093381
05/08/2022,11.01,11.62,10.85,11.45,50264847
08/08/2022,9.77,10.4,9.71,9.82,125272644
09/08/2022,9.54,9.57,9.01,9.25,58788927
10/08/2022,9.51,9.66,9.32,9.59,46054905
11/08/2022,9.76,10.05,9.4,9.42,44790863
12/08/2022,9.55,9.97,9.42,9.91,30638186
15/08/2022,9.82,10.1,9.76,9.91,33263354
16/08/2022,9.85,9.88,9.36,9.74,40681240
17/08/2022,9.56,9.62,9.33,9.43,33933634
18/08/2022,9.42,9.47,9.12,9.15,26365589
19/08/2022,9,9.01,8.48,8.51,40560185
22/08/2022,8.32,8.4,8.06,8.07,37824865
23/08/2022,8.1,8.28,8,8.01,25658542
24/08/2022,8.04,8.36,7.98,8.1,26576407
25/08/2022,8.22,8.43,8.05,8.42,25635573
26/08/2022,8.42,8.43,7.93,7.94,34150358
29/08/2022,7.82,8,7.76,7.81,28566219
30/08/2022,7.93,7.98,7.68,7.79,27189202
31/08/2022,7.95,8,7.7,7.72,28691526
01/09/2022,7.61,7.62,7.22,7.49,39079702
02/09/2022,7.67,7.67,7.35,7.4,25965044
06/09/2022,7.45,7.46,7.17,7.28,30429420
07/09/2022,7.27,7.43,7.18,7.39,30329957
08/09/2022,7.33,7.53,7.27,7.53,26303595
09/09/2022,7.68,7.82,7.64,7.79,27860611
12/09/2022,7.86,8.03,7.82,8.01,30544819
13/09/2022,7.63,7.66,7.45,7.48,29770663
14/09/2022,7.45,7.63,7.33,7.63,29422539
15/09/2022,7.47,8.1,7.45,8.01,51700626
16/09/2022,7.75,7.93,7.64,7.78,42155538
19/09/2022,7.64,7.86,7.58,7.86,29238773
20/09/2022,7.78,7.92,7.6,7.62,30349629
21/09/2022,7.72,8.07,7.66,7.69,36814509
22/09/2022,7.74,7.74,7.24,7.37,49138288
23/09/2022,7.2,7.42,7.13,7.4,34197320
26/09/2022,7.35,7.83,7.35,7.53,45429792
27/09/2022,7.69,7.84,7.46,7.63,31794676
28/09/2022,7.63,8,7.62,7.94,31955946
29/09/2022,8.05,8.33,7.78,8.08,57908658
30/09/2022,8.01,8.5,7.97,8.13,47454794
03/10/2022,8.15,8.3,7.97,8.24,35523982
04/10/2022,8.48,8.61,8.34,8.46,36313344
05/10/2022,8.26,8.49,8.07,8.42,37790218
06/10/2022,8.4,8.6,8.32,8.47,27653442
07/10/2022,8.26,8.28,8.11,8.15,29550481
10/10/2022,8.17,8.18,7.88,8.06,26923337
11/10/2022,7.99,8.3,7.7,8.04,40775759
12/10/2022,8.06,8.1,7.82,8.07,30201563
13/10/2022,7.74,8.2,7.57,8.08,36040853
14/10/2022,8.23,8.31,7.53,7.53,37484777
17/10/2022,7.71,8.06,7.69,7.94,31751687
18/10/2022,8.15,8.33,8.04,8.16,37120360
19/10/2022,8.06,8.13,7.85,7.91,26593980
20/10/2022,7.73,8.26,7.73,8.04,26689513
21/10/2022,7.93,8.32,7.81,8.29,30705741
24/10/2022,8.3,8.3,8.01,8.27,28062245
25/10/2022,8.36,8.66,8.36,8.66,31001500
26/10/2022,8.48,9.05,8.39,8.57,33606930
27/10/2022,8.68,8.78,8.46,8.6,28940839
28/10/2022,8.55,8.66,8.37,8.64,20697363
31/10/2022,8.59,8.83,8.43,8.79,31376113
01/11/2022,8.99,9.06,8.56,8.65,29799983
02/11/2022,8.7,8.76,8.2,8.22,36042604
03/11/2022,8.07,8.3,7.87,8.08,36419546
04/11/2022,8.19,8.2,7.65,7.93,64338926
07/11/2022,7.78,7.85,6.89,7.02,99332839
08/11/2022,7.08,7.42,6.91,7.21,56353934
09/11/2022,7.12,7.19,6.95,6.98,42517300
10/11/2022,7.46,7.97,7.43,7.64,58579775
11/11/2022,7.48,8.42,7.38,8.41,55324135
14/11/2022,8.18,8.32,7.95,8.1,37313248
15/11/2022,8.45,8.47,8.15,8.34,34454137
16/11/2022,8.18,8.24,8,8.06,28435997
17/11/2022,7.83,7.88,7.53,7.62,33746453
18/11/2022,7.76,7.79,7.31,7.39,27245241
21/11/2022,7.31,7.32,7.07,7.19,36605643
22/11/2022,7.18,7.25,6.98,7.22,27327800
23/11/2022,7.25,7.42,7.12,7.37,24182861
25/11/2022,7.32,7.34,7.19,7.28,10824422
28/11/2022,7.23,7.4,7.15,7.16,19467050
29/11/2022,7.2,7.3,7.05,7.08,22150765
30/11/2022,7.14,7.51,7.03,7.5,32745744
01/12/2022,7.51,7.88,7.47,7.86,34424376
02/12/2022,7.62,7.76,7.5,7.66,18794030
05/12/2022,7.62,7.7,7.11,7.19,32158154
06/12/2022,7.19,7.2,6.88,6.99,32868065
07/12/2022,7.08,7.35,7.02,7.07,28351611
08/12/2022,7.1,7.27,6.94,7.12,23107690
09/12/2022,7.06,7.19,7.03,7.11,23367305
12/12/2022,7.11,7.31,7.09,7.29,22672395
13/12/2022,7.73,7.97,7.49,7.5,41033831
14/12/2022,7.5,7.6,7.27,7.35,22653792
15/12/2022,7.17,7.3,7.01,7.01,25417145
16/12/2022,7.02,7.08,6.76,6.9,32655552
19/12/2022,6.8,6.83,6.32,6.35,41511615
20/12/2022,6.29,6.54,6.2,6.31,30215576
21/12/2022,6.24,6.52,6.04,6.5,34408622
22/12/2022,6.37,6.38,6.18,6.32,28065983
23/12/2022,6.27,6.3,6.07,6.29,20418981
27/12/2022,6.15,6.22,5.92,6,34573340
28/12/2022,5.98,6.17,5.95,6.07,30096787
29/12/2022,6.1,6.53,6.1,6.4,42694169
30/12/2022,6.19,6.42,6.19,6.42,27830898
03/01/2023,6.58,6.64,6.28,6.39,29969947
04/01/2023,6.48,6.68,6.37,6.58,31660509
05/01/2023,6.45,6.49,6.25,6.32,34185994
06/01/2023,6.4,6.45,6.09,6.4,30596404
09/01/2023,6.49,6.67,6.4,6.5,31028876
10/01/2023,6.5,6.72,6.49,6.7,28236577
11/01/2023,6.84,6.99,6.76,6.98,25936693
12/01/2023,7.01,7.05,6.78,7.01,30152469
13/01/2023,6.84,7.01,6.81,6.96,20981000
17/01/2023,6.99,7.15,6.73,7.07,30910341
18/01/2023,7.16,7.3,6.88,6.9,32743429
19/01/2023,6.8,6.9,6.67,6.73,24841655
20/01/2023,6.76,7.06,6.72,7.02,28751729
23/01/2023,7.03,7.41,6.99,7.38,31633292
24/01/2023,7,7.42,7,7.02,22649458
25/01/2023,6.92,7.27,6.69,7.22,37147944
26/01/2023,7.37,7.45,7.04,7.24,28005624
27/01/2023,7.19,7.73,7.14,7.55,37555172
30/01/2023,7.5,7.61,7.36,7.37,28567795
31/01/2023,7.41,7.82,7.38,7.78,40984037
01/02/2023,7.73,8.22,7.68,8.2,50123739
02/02/2023,8.51,9.21,8.47,8.99,71889705
03/02/2023,8.54,8.9,8.37,8.41,64785463
06/02/2023,8.31,8.54,8.24,8.31,38845474
07/02/2023,8.33,8.41,8.06,8.33,42201785
08/02/2023,8.25,8.57,8.17,8.22,35105483
09/02/2023,8.34,8.43,7.94,7.95,33366661
10/02/2023,7.79,7.86,7.46,7.51,43042403
13/02/2023,7.58,7.78,7.45,7.61,87397065
14/02/2023,8.59,9.3,8.23,9.22,216055237
15/02/2023,9.16,10.23,9.11,10.11,153514526
16/02/2023,9.65,10.31,9.6,9.71,88638835
17/02/2023,9.57,9.71,9.09,9.2,62137799
21/02/2023,9.01,9.1,8.4,8.47,65226614
22/02/2023,8.48,8.63,8.16,8.36,55345996
23/02/2023,8.42,8.48,7.91,8.17,60015539
24/02/2023,7.94,8.2,7.87,8.09,41518558
27/02/2023,8.12,8.23,7.96,8.03,35270013
28/02/2023,7.96,8.1,7.8,7.84,32937011
01/03/2023,7.83,7.91,7.69,7.69,27939113
02/03/2023,7.59,8.03,7.56,7.97,36805933
03/03/2023,8,8.5,8,8.33,43229102
06/03/2023,8.34,8.45,8.2,8.28,28316225
07/03/2023,8.28,8.43,8.19,8.28,26819619
08/03/2023,8.36,8.58,8.06,8.13,38723632
09/03/2023,8.07,8.26,7.68,7.69,29005915
10/03/2023,7.59,7.68,7.28,7.35,41953579
13/03/2023,7.29,8.15,7.19,7.87,63183533
14/03/2023,8.05,8.14,7.78,7.89,33460106
15/03/2023,7.81,7.99,7.7,7.9,28217378
16/03/2023,8.01,8.08,7.86,7.98,20504460
17/03/2023,7.93,8.03,7.84,7.88,20920767
20/03/2023,7.77,8.1,7.72,8.08,25497386
21/03/2023,8.2,8.51,8.17,8.45,27104478
22/03/2023,8.44,8.62,8.2,8.21,34150971
23/03/2023,8.32,8.56,8.16,8.33,22662235
24/03/2023,8.29,8.35,8.06,8.2,17939822
27/03/2023,8.15,8.32,7.94,8.04,20666810
28/03/2023,8.06,8.12,7.97,8,14860487
29/03/2023,8.09,8.25,8.05,8.22,15339672
30/03/2023,8.33,8.38,8.05,8.15,21001636
31/03/2023,8.15,8.48,8.08,8.45,26174838
03/04/2023,8.37,8.53,8.21,8.38,22511967
04/04/2023,8.53,8.54,8.23,8.35,23961225
05/04/2023,8.63,8.65,7.84,7.98,54946873
06/04/2023,7.88,8.14,7.79,8.09,23488564
10/04/2023,8,8.44,7.9,8.39,29184726
11/04/2023,8.35,8.79,8.34,8.61,35617852
12/04/2023,8.75,8.78,8.3,8.33,28771280
13/04/2023,8.5,8.7,8.43,8.58,27983250
14/04/2023,8.53,8.91,8.47,8.81,42364533
17/04/2023,8.81,9.04,8.78,8.8,26047508
18/04/2023,8.93,9.02,8.72,8.73,21185250
19/04/2023,8.58,8.66,8.48,8.49,18193674
20/04/2023,8.29,8.5,8.13,8.15,23573036
21/04/2023,8.14,8.22,8.09,8.18,14896712
24/04/2023,8.16,8.25,7.94,8.1,20439283
25/04/2023,8,8.02,7.73,7.74,21849092
26/04/2023,7.87,7.91,7.65,7.74,21396726
27/04/2023,7.83,7.91,7.72,7.82,21385464
28/04/2023,7.77,8,7.62,7.75,24915472
01/05/2023,7.75,7.82,7.66,7.78,19134155
02/05/2023,7.72,7.91,7.43,7.59,38007950
03/05/2023,7.62,7.68,7.45,7.56,24322418
04/05/2023,7.47,7.52,7.28,7.38,29989336
05/05/2023,7.44,7.55,7.32,7.41,45848838
08/05/2023,7.64,7.86,7.59,7.74,105304009
09/05/2023,9.22,9.69,8.65,9.55,223573281
10/05/2023,9.73,10.3,9.46,9.94,149374961
11/05/2023,10.14,10.16,9.71,9.88,73754074
12/05/2023,9.86,10.01,9.47,9.5,62123944
15/05/2023,9.21,9.6,9.02,9.52,53555516
16/05/2023,9.4,9.63,9.35,9.47,42311914
17/05/2023,9.54,10.29,9.46,10.25,63834517
18/05/2023,10.46,11.81,10.39,11.74,171402281
19/05/2023,11.97,12.41,11.52,11.71,150269322
22/05/2023,11.62,12.11,11.39,11.84,76377076
23/05/2023,11.95,13.42,11.87,12.64,148701808
24/05/2023,12.05,12.43,11.82,12.23,90496870
25/05/2023,13.18,13.22,12.34,12.84,106557773
26/05/2023,12.84,14.2,12.82,13.65,127770554
30/05/2023,14.44,15.01,14.24,14.71,159089328
31/05/2023,14.19,14.79,13.82,14.71,130392206
01/06/2023,14.46,15.22,14.2,14.54,126015134
02/06/2023,14.65,15.03,14.16,14.52,79487612
05/06/2023,14.37,15.7,14.37,15.24,109017824
06/06/2023,15.3,15.58,14.92,15.46,74284337
07/06/2023,16.01,17.16,14.52,14.69,227244050
08/06/2023,14.44,15.59,14.39,15.19,115591618
09/06/2023,15.36,15.98,14.82,15.02,94126339
12/06/2023,15.44,16.03,15.33,15.65,90250316
13/06/2023,16.18,16.27,15.16,16,112765935
14/06/2023,15.93,16.19,15.44,15.91,70871917
15/06/2023,15.66,16.79,15.49,16.6,91200891
16/06/2023,16.87,16.91,16.01,16.3,90696215
20/06/2023,15.99,16.89,15.58,15.79,81335009
21/06/2023,15.66,15.76,14.37,14.64,97885028
22/06/2023,14.3,14.44,13.86,14.05,103460998
23/06/2023,13.64,14.14,13.56,14.03,74851018
26/06/2023,13.87,14.42,13.83,13.94,50679919
27/06/2023,14.22,14.76,13.96,14.61,55410531
28/06/2023,14.53,15.43,14.47,15.28,66001041
29/06/2023,15.4,15.57,15.06,15.2,46300897
30/06/2023,15.48,15.8,15.23,15.33,42195264
03/07/2023,15.49,15.59,15.19,15.52,26037426
05/07/2023,15.43,15.77,15.23,15.7,39179854
06/07/2023,15.32,15.38,14.62,15.13,57158281
07/07/2023,15.23,15.9,15.19,15.34,48273342
10/07/2023,15.37,16.33,14.95,16.3,62823618
11/07/2023,16.47,16.93,16.15,16.49,63236574
12/07/2023,16.78,16.94,16.41,16.59,50079436
13/07/2023,16.7,17.26,16.63,16.74,58397771
14/07/2023,16.76,17,16.27,16.4,45115040
17/07/2023,16.42,17.59,16.32,17.4,63504956
18/07/2023,17.88,18.13,17.19,18.08,87365660
19/07/2023,18.02,19,17.76,18.05,89044567
20/07/2023,17.54,18,16.98,17.13,62711592
21/07/2023,17.47,17.49,16,16.43,63375867
24/07/2023,16.61,16.69,16.12,16.32,36133647
25/07/2023,16.35,16.86,16.35,16.55,36612927
26/07/2023,16.4,16.69,16.13,16.43,35804775
27/07/2023,16.8,17.19,16,16.15,50685242
28/07/2023,17.21,17.97,16.74,17.81,106125623
31/07/2023,18.82,20,18.38,19.84,142173835
01/08/2023,19.46,20.24,19.23,19.99,100126141
02/08/2023,19.26,19.62,18.15,18.97,98215768
03/08/2023,18.63,19.3,18.61,18.71,55168608
04/08/2023,18.87,19.08,18.08,18.2,72386045
07/08/2023,18.25,18.39,17.01,17.99,133808372
08/08/2023,17.49,17.49,16.1,17.04,143014237
09/08/2023,16.76,16.92,15.1,15.25,126230391
10/08/2023,15.44,15.87,15.25,15.41,73129139
11/08/2023,15.05,15.58,14.91,15.41,56616788
14/08/2023,15.2,15.74,14.95,15.72,47511417
15/08/2023,15.61,15.87,15.29,15.37,44000374
16/08/2023,15.21,15.73,15.12,15.45,40394555
17/08/2023,15.39,15.44,14.04,14.15,91086683
18/08/2023,13.88,14.6,13.68,14.4,70215160
21/08/2023,14.42,14.78,14.34,14.5,43206161
22/08/2023,14.76,15.13,14.63,14.67,52106867
23/08/2023,14.5,15.47,14.42,15.3,53523342
24/08/2023,15.7,15.71,13.88,14.14,93586208
25/08/2023,14.14,14.65,14.01,14.53,55668905
28/08/2023,14.69,14.88,14.5,14.64,35964677
29/08/2023,14.6,15.63,14.5,15.4,47213155
30/08/2023,15.46,16.35,15.33,16.33,65674056
31/08/2023,15.6,15.85,14.65,14.98,101517203
01/09/2023,15.16,15.37,14.83,15.18,45258903
05/09/2023,15.08,15.42,14.9,15.21,33818426
06/09/2023,15.17,15.62,15.08,15.3,38738076
07/09/2023,14.88,15.24,14.29,15.21,51798780
08/09/2023,15.12,15.61,15.09,15.13,34047562
11/09/2023,15.41,16.1,15.36,15.79,55294677
12/09/2023,15.46,16.15,15.43,15.59,39497916
13/09/2023,15.63,15.85,15.42,15.6,34354449
14/09/2023,15.69,16.04,15.47,15.83,38572508
15/09/2023,15.77,15.9,15.17,15.33,56271175
18/09/2023,15.18,15.63,15.07,15.46,37404081
19/09/2023,15.34,15.52,14.95,15.15,37804835
20/09/2023,15.25,15.43,14.73,14.74,37640487
21/09/2023,14.34,14.6,13.68,14,73071796
22/09/2023,14.23,14.42,14.03,14.13,47714543
25/09/2023,14,14.24,13.82,14.22,39693894
26/09/2023,13.95,14.17,13.88,13.96,37276213
27/09/2023,14.2,14.96,14.16,14.85,62780567
28/09/2023,15.14,15.96,14.83,15.77,66590819
29/09/2023,16.11,16.81,15.96,16,78055083
02/10/2023,16.03,16.44,15.77,15.88,41043913
03/10/2023,15.61,15.77,14.82,14.9,51578129
04/10/2023,15.46,15.85,15.16,15.73,52786237
05/10/2023,15.59,15.9,15.41,15.81,49648072
06/10/2023,15.56,16.7,15.51,16.61,65946320
09/10/2023,16.27,17.83,16.22,17.61,106161182
10/10/2023,18.06,18.4,17.62,17.8,99971501
11/10/2023,17.87,18.44,17.73,17.92,55745629
12/10/2023,17.92,18.24,17.55,17.94,57940929
13/10/2023,18.06,18.16,17.27,17.36,54881953
16/10/2023,17.21,17.46,16.67,17.36,44987257
17/10/2023,17,18.03,16.91,17.84,54401289
18/10/2023,17.81,18.22,17.19,17.2,44208265
19/10/2023,17.44,17.58,16.97,17.06,46303217
20/10/2023,16.85,16.94,15.81,16.11,63875487
23/10/2023,15.9,16.34,15.21,16.2,55967151
24/10/2023,16.38,16.93,16.3,16.64,39833762
25/10/2023,16.57,16.63,15.58,15.59,46706480
26/10/2023,15.6,15.91,15.05,15.29,49351804
27/10/2023,15.48,15.6,14.96,15.07,39913561
30/10/2023,15.27,15.29,14.56,14.69,46886417
31/10/2023,14.58,15.01,14.55,14.8,40195406
01/11/2023,14.8,14.96,14.48,14.92,54419071
02/11/2023,17.48,18.3,17.21,17.97,170406782
03/11/2023,18.02,19.08,17.76,18.89,109302021
06/11/2023,18.99,19.08,17.93,18.54,79952555
07/11/2023,18.86,19.17,18.53,18.8,56289102
08/11/2023,18.85,18.93,18.15,18.49,46063132
09/11/2023,18.66,18.87,18.16,18.27,48454200
10/11/2023,18.16,19.72,18.06,19.67,92955800
13/11/2023,19.59,19.88,19.3,19.71,74877458
14/11/2023,20,20.1,19.5,19.94,83230466
15/11/2023,19.9,20.37,19.61,19.95,75533454
16/11/2023,19.8,19.88,19.29,19.77,49942759
17/11/2023,19.68,20.58,19.66,20.49,69668728
20/11/2023,20.65,21.6,20.56,21.34,90575566
21/11/2023,21.11,21.85,19.72,19.8,106643319
22/11/2023,20.26,20.44,19.33,19.69,68452455
24/11/2023,19.38,19.6,18.93,19.2,39800361
27/11/2023,19.13,19.5,18.62,19.08,58808177
28/11/2023,19.11,19.8,19.03,19.71,54170695
29/11/2023,19.95,20.31,19.78,19.84,62782105
30/11/2023,19.94,20.23,19.68,20.05,55500991
01/12/2023,19.93,20.29,19.55,20.27,61493670
04/12/2023,19.75,19.9,18.27,18.4,104948518
05/12/2023,18.25,18.55,17.96,18.3,54460845
06/12/2023,17.69,17.83,17.05,17.13,96110978
07/12/2023,17.22,17.48,17.08,17.22,56454997
08/12/2023,17.18,17.92,17.09,17.77,57542134
11/12/2023,17.97,18.28,17.7,17.77,50929623
12/12/2023,17.69,17.88,17.23,17.5,46231909
13/12/2023,17.65,17.9,17.22,17.87,52682624
14/12/2023,18.17,18.58,17.72,18.21,67462755
15/12/2023,18.67,19.15,18.04,18.2,93307116
18/12/2023,18.21,18.58,17.77,17.84,60188148
19/12/2023,17.98,18.19,17.84,17.95,43530312
20/12/2023,17.87,17.92,17.19,17.25,58666901
21/12/2023,17.53,17.74,17.42,17.59,30493554
22/12/2023,17.7,17.7,17.33,17.41,33693787
26/12/2023,17.44,17.75,17.33,17.68,31750737
27/12/2023,17.78,17.91,17.45,17.47,32918437
28/12/2023,17.46,17.84,17.42,17.56,38989961
29/12/2023,17.52,17.64,17.1,17.17,38943466
02/01/2024,16.95,16.95,16.5,16.58,41626684
03/01/2024,16.12,16.38,16.01,16.09,46865204
04/01/2024,16.05,16.58,15.95,16.25,39937698
05/01/2024,15.7,16.13,15.66,15.98,57700013
08/01/2024,16.22,16.89,16.14,16.67,49089953
09/01/2024,16.51,16.63,16.28,16.39,35794473
10/01/2024,16.5,17.03,16.4,16.79,41254398
11/01/2024,16.81,16.93,16.17,16.68,39552365
12/01/2024,16.68,17.06,16.62,16.76,33952550
16/01/2024,16.59,16.74,16.29,16.53,32659260
17/01/2024,16.26,16.41,16.05,16.39,30832775
18/01/2024,16.75,16.81,16.1,16.4,35239739
19/01/2024,16.57,16.78,16.15,16.78,40690625
22/01/2024,17.46,18.35,17.43,17.6,85573913
23/01/2024,17.64,17.73,17.2,17.33,37794300
24/01/2024,17.51,17.65,16.74,16.75,42710696
25/01/2024,16.92,17,16.31,16.46,44589040
26/01/2024,16.4,16.75,16.34,16.35,28612154
29/01/2024,16.45,17.11,16.43,17.09,35987779
30/01/2024,17.04,17.24,16.66,16.74,36388182
31/01/2024,16.41,16.76,16.07,16.09,43582546
01/02/2024,16.21,16.49,16.03,16.33,40454381
02/02/2024,16.34,17.02,16.15,17.02,57672675
05/02/2024,17.56,17.87,16.48,16.72,167698349
06/02/2024,20.3,22.18,19.76,21.87,421271485
07/02/2024,21.6,23.87,21.38,23.6,254911069
08/02/2024,23.96,25.06,23.32,24.51,212671149
09/02/2024,25.04,25.11,23.57,24.38,149061975
12/02/2024,23.91,25.53,23.82,25.05,108173046
13/02/2024,23.53,24.66,23.31,24.01,102293322
14/02/2024,24.15,25.5,23.76,25.19,97227926
15/02/2024,25.04,25.46,24.71,25.41,70544321
16/02/2024,24.96,25.5,24.39,24.44,65498227
20/02/2024,23.84,24,22.72,23.4,93374349
21/02/2024,22.3,22.93,22.29,22.74,60411461
22/02/2024,23.77,23.95,23.05,23.59,64458247
23/02/2024,23.53,24.07,22.82,22.97,48840765
26/02/2024,23.03,23.88,22.94,23.56,46499481
27/02/2024,23.76,24.62,23.72,24.53,64967421
28/02/2024,24.52,24.84,24.25,24.42,47313982
29/02/2024,24.81,25.29,24.36,25.08,62753300
01/03/2024,25.3,25.69,24.54,24.93,64794407
04/03/2024,24.4,24.58,23.53,24.04,64320031
05/03/2024,23.96,24.41,23.43,23.81,49542272
06/03/2024,25.75,26.75,24.53,26.16,207386942
07/03/2024,27.01,27.5,26.38,26.46,117519319
08/03/2024,27.19,27.28,25.81,26.04,84256124
11/03/2024,25.89,26.83,25.29,25.35,60829269
12/03/2024,25.57,25.64,24.35,24.7,75202613
13/03/2024,24.7,25.44,24.6,25,59712992
14/03/2024,24.83,24.97,24.14,24.43,49214784
15/03/2024,23.85,24.1,23.42,23.49,61420999
18/03/2024,23.77,24.18,23.32,24,44083043
19/03/2024,23.5,23.83,22.92,23.8,43247249
20/03/2024,23.77,24.65,23.67,24.57,40273774
21/03/2024,25.3,25.33,24.44,24.49,37099608
22/03/2024,24.2,24.48,24.02,24.18,25453029
25/03/2024,24.12,24.62,24.05,24.51,29255903
26/03/2024,24.76,25.47,24.47,24.89,43610464
27/03/2024,25,25.48,24.26,24.51,38600086
28/03/2024,24.17,24.28,22.94,23.01,70008165
01/04/2024,22.98,23.21,22.4,22.86,41000029
02/04/2024,22,22.79,21.72,22.72,39770573
03/04/2024,22.44,23.01,22.38,22.7,30357412
04/04/2024,23.82,24.1,22.4,22.48,64995295
05/04/2024,22.42,23.32,22.31,22.96,38716824
08/04/2024,23.08,23.2,22.67,23,25022708
09/04/2024,23.01,23.09,22.46,22.81,27724525
10/04/2024,22.22,22.71,22.01,22.42,28642932
11/04/2024,22.65,22.91,22.25,22.84,26399380
12/04/2024,22.7,23.2,22.41,22.67,36764458
15/04/2024,22.79,23.13,21.83,21.9,38182078
16/04/2024,21.59,21.99,21.27,21.88,33869201
17/04/2024,22.01,22.11,21.22,21.31,30139797
18/04/2024,21.25,21.43,20.7,21.13,34550542
19/04/2024,20.98,21.43,20.33,20.47,39632591
22/04/2024,20.72,21.08,20.36,20.97,31894517
23/04/2024,21.25,22.06,21.23,21.64,36304634
24/04/2024,22.05,22.25,21.3,21.59,34426476
25/04/2024,20.82,21.74,20.66,21.71,26226705
26/04/2024,22.05,22.67,21.91,22.52,33119766
29/04/2024,22.75,23.09,22.55,22.83,30330698
30/04/2024,22.77,22.87,21.95,21.97,30511879
01/05/2024,21.93,22.83,21.63,22.12,34812852
02/05/2024,22.6,22.72,22.1,22.55,30396133
03/05/2024,23.48,23.64,22.91,23.33,55976409
06/05/2024,24.37,25.36,24.03,25.21,175936565
07/05/2024,21.99,22.7,21.35,21.4,161061622
08/05/2024,21.58,21.73,21.06,21.56,67582882
09/05/2024,21.49,21.58,20.94,21.14,54101937
10/05/2024,21.27,21.37,20.5,20.6,59845413
13/05/2024,20.6,21.19,20.6,20.94,37524809
14/05/2024,20.95,22.07,20.93,21.44,57894354
15/05/2024,21.73,21.81,21.19,21.67,39424029
16/05/2024,21.74,21.87,21.54,21.65,27416677
17/05/2024,21.78,22.17,21.56,21.76,30032254
20/05/2024,21.77,21.77,21.22,21.62,35255258
21/05/2024,21.34,21.45,21.12,21.24,27953962
22/05/2024,21.23,21.42,21.08,21.17,25212469
23/05/2024,21.39,21.52,20.63,20.72,36887627
24/05/2024,20.72,21.15,20.65,21.01,22158712
28/05/2024,21.06,21.22,20.73,21.05,26274188
29/05/2024,20.77,20.99,20.64,20.94,24834240
30/05/2024,21.28,21.96,21.02,21.73,47583129
31/05/2024,21.79,22.2,21.31,21.68,44416074
03/06/2024,21.7,21.79,21.01,21.32,33876070
04/06/2024,21.05,22.26,21.04,22.1,41974047
05/06/2024,22.48,22.98,22.22,22.96,39825392
06/06/2024,22.98,23.95,22.98,23.79,60400366
07/06/2024,23.24,23.57,23.06,23.31,37149877
10/06/2024,22.75,23.16,22.66,23.13,31509278
11/06/2024,23.06,23.95,22.89,23.85,30601852
12/06/2024,24.2,24.33,23.57,23.77,38542724
13/06/2024,23.85,24.14,23.15,23.27,26035051
14/06/2024,23.15,23.72,22.84,23.57,26618284
17/06/2024,23.47,25.06,23.45,25.02,54101503
18/06/2024,25.15,26.03,24.83,25.82,54458580
20/06/2024,26.44,26.57,25.16,25.56,66734955
21/06/2024,24.71,26.09,23.53,23.84,69981578
24/06/2024,23.44,24.39,23.3,24.16,36477408
25/06/2024,24.16,24.63,23.92,24.56,29657245
26/06/2024,24.47,24.66,24.03,24.1,24331377
27/06/2024,24.1,25.4,24.05,25.22,37882859
28/06/2024,25.28,25.57,25.03,25.33,38886441
01/07/2024,25.48,26.02,25.14,25.88,33167921
02/07/2024,25.84,26.43,25.75,25.83,32148242
03/07/2024,25.96,26.27,25.76,25.85,18433843
05/07/2024,26,27.25,25.98,27.23,46703729
08/07/2024,27.93,27.99,26.84,27.7,59611163
09/07/2024,27.93,28.38,27.23,27.39,53226526
10/07/2024,27.5,28.47,27.37,28.42,43231028
11/07/2024,28.49,28.59,26.9,27.64,61546057
12/07/2024,27.32,28.13,27.28,28.07,30760268
15/07/2024,28.42,29.3,27.9,28.67,49186345
16/07/2024,28.18,28.84,27.47,28.67,59330683
17/07/2024,28,28.87,27.6,28.22,45203461
18/07/2024,28.42,29.83,28.15,28.64,76485561
19/07/2024,28.31,29.6,28.27,28.58,49581636
22/07/2024,28.93,28.97,27.69,28.46,38037812
23/07/2024,28.34,29.19,28.31,28.81,31134262
24/07/2024,28.44,28.69,26.58,26.6,49004105
25/07/2024,26.04,27.29,25.42,26.63,45474613
26/07/2024,27,27.34,26.77,27.18,27432224
29/07/2024,27.56,27.8,26.73,27.08,26038842
30/07/2024,27.25,27.44,25.89,26.37,31819905
31/07/2024,27.02,27.39,26.88,26.89,29111605
01/08/2024,27.02,27.54,25.83,26.08,31189607
02/08/2024,24.75,24.87,23.75,24.74,56092591
05/08/2024,21.74,24.42,21.23,24.09,88023468
06/08/2024,27.05,27.42,25.57,26.59,99622681
07/08/2024,27.07,28.36,26.24,26.32,75975382
08/08/2024,27.04,29.38,26.69,29.28,96892918
09/08/2024,29.28,30.36,29.1,30.01,88131106
12/08/2024,30.22,31.2,29.27,29.38,67890322
13/08/2024,29.79,30.85,29.56,30.39,57294206
14/08/2024,30.62,31.37,30.33,31,49885641
15/08/2024,31.31,31.5,30.83,31.22,43407612
16/08/2024,31.04,32.75,30.98,32.08,64870638
19/08/2024,32.42,32.59,31.81,32.5,52353641
20/08/2024,32.5,32.72,31.63,32.32,40783010
21/08/2024,32.32,32.67,31.97,32.54,38147564
22/08/2024,32.55,33.13,31.85,31.92,43522223
23/08/2024,31.99,32.55,31.62,31.78,34121175
26/08/2024,31.43,31.74,30.79,30.85,35283625
27/08/2024,30.55,31.12,30.38,30.84,23541256
28/08/2024,30.62,30.8,29.75,30.36,33961370
29/08/2024,30.65,31.82,30.48,31,39732985
30/08/2024,31.05,31.5,30.7,31.48,42388023
03/09/2024,31.35,31.59,30.17,30.51,34531596
04/09/2024,30,30.85,29.31,30.59,33419490
05/09/2024,30.24,30.74,30.01,30.16,24012331
06/09/2024,30.6,31.04,29.5,30.33,50946777
09/09/2024,32.7,34.7,32.47,34.6,140582494
10/09/2024,34.81,35.2,33.71,34.76,91720986
11/09/2024,34.01,34.87,33.62,34.85,68302252
12/09/2024,34.86,35.4,34.53,34.91,54391843
13/09/2024,34.97,36.01,34.89,35.59,49727172
16/09/2024,35.78,36.92,35.56,36.31,74767329
17/09/2024,37,37.05,35.87,36.45,64461751
18/09/2024,35.9,37.11,35.87,36.38,66279770
19/09/2024,37,37.35,36.2,36.83,59882041
20/09/2024,36.01,37.29,35.71,37.2,450290538
23/09/2024,36.86,38.19,36.57,37.95,79460737
24/09/2024,37.97,37.98,36.43,36.9,79519248
25/09/2024,36.89,37.18,36.38,37.12,46511724
26/09/2024,37.26,37.44,36.6,37.1,48601992
27/09/2024,36.91,37.47,36.59,36.84,43219122
30/09/2024,36.58,37.32,36.15,37.2,42223553
01/10/2024,37.21,37.56,36.05,36.46,52858036
02/10/2024,36.3,37.68,36.15,37.49,34988906
03/10/2024,37.45,39.29,37.37,39.24,57196445
04/10/2024,39.65,40.29,39.4,40.01,62657545
07/10/2024,39.9,40.15,38.78,38.89,44124766
08/10/2024,39.29,41.49,39.02,41.45,62542945
09/10/2024,41.55,43.34,41.21,43.13,86404698
10/10/2024,42.92,43.88,42.41,43.52,62516314
11/10/2024,43.4,44.38,42.62,43.51,66206893
14/10/2024,43.72,44.39,43.28,43.4,41010910
15/10/2024,43.48,43.68,41.52,42.43,48296974
16/10/2024,42.4,42.49,40.36,41.93,59157938
17/10/2024,42.15,42.7,41.61,42,34028414
18/10/2024,42.02,42.99,41.65,42.97,33969020
21/10/2024,42.86,43.4,42.41,42.7,30719779
22/10/2024,42.69,43.49,42.3,42.94,27830734
23/10/2024,42.85,43.68,42.06,42.59,35646980
24/10/2024,42.89,43.73,42.66,43.56,34079557
25/10/2024,43.85,45.07,43.65,44.86,50416491
28/10/2024,45.05,45.14,44.68,44.97,36729700
29/10/2024,44.9,45.07,44.04,44.93,26154712
30/10/2024,44.58,44.8,43.61,43.69,31309232
31/10/2024,42.79,43.32,40.9,41.56,50973360
01/11/2024,41.93,42.57,41.59,41.92,33722521
04/11/2024,41.08,42.04,41.03,41.41,75413298
05/11/2024,47.86,51.58,46.86,51.13,208868200
06/11/2024,53.44,55.69,51.61,55.53,114255943
07/11/2024,55.82,56.47,53.55,55.88,121591164
08/11/2024,55.57,58.48,55.3,58.39,84124034
11/11/2024,60.13,62.08,58.69,60.24,108357795
12/11/2024,59.01,60.09,58.57,59.85,59061338
13/11/2024,61.52,63.39,59.85,60.7,85937360
14/11/2024,61.05,61.17,58.53,59.18,59968240
15/11/2024,61.01,66,60.91,65.77,155280388
18/11/2024,64.92,64.92,58.85,61.26,137877641
19/11/2024,59.51,63.01,59.27,62.98,75557817
20/11/2024,62.59,63.08,59.96,62.12,59182183
21/11/2024,62.04,63.4,60.9,61.36,56336740
22/11/2024,61.6,64.44,61.37,64.35,61381713
25/11/2024,66.9,67.88,64.08,64.65,80640465
26/11/2024,64.57,65.85,63.89,65.74,46923572
27/11/2024,66.24,67.56,64.24,66.05,53839900
29/11/2024,65.89,67.16,65.47,67.08,30104046
02/12/2024,67.44,67.88,65.96,66.39,46404971
03/12/2024,66.41,71.37,66.15,70.96,100751420
04/12/2024,71.13,71.18,67.28,69.85,86284801
05/12/2024,70.11,72.98,69.89,71.87,66585762
06/12/2024,72.95,76.82,72.28,76.34,93640902
09/12/2024,80.58,80.91,71.05,72.46,168134824
10/12/2024,71.99,75.56,70.73,70.89,89672470
11/12/2024,72.98,73,68.07,72.51,89477656
12/12/2024,72.3,75.38,71.9,73.2,73859672
13/12/2024,73.49,76.1,72.45,76.07,76172785
16/12/2024,75.06,77.82,71.16,75.75,126099615
17/12/2024,73.28,75.32,71.7,74.39,75469386
18/12/2024,74.3,77.6,70.27,71.51,109643381
19/12/2024,73.99,76.59,73.37,74.21,99524332
20/12/2024,72.64,80.66,71.5,80.55,281230836
23/12/2024,80.65,82.02,77.41,80.69,93819484
24/12/2024,81.09,84.8,81,82.38,64983263
26/12/2024,83.16,83.49,81.3,82.14,60547746
27/12/2024,81.42,82,77.93,79.08,66975887
30/12/2024,77.04,79.24,76.11,77.18,60850862
31/12/2024,77.58,77.98,73.65,75.63,56267937
02/01/2025,76.2,76.53,72.42,75.19,72217192
03/01/2025,75.39,79.98,75.19,79.89,62415008
06/01/2025,78.69,80.06,74.61,75.92,105619544
07/01/2025,75.2,75.39,69.75,69.99,91727347
08/01/2025,68.12,69.53,66.51,68.23,91349513
10/01/2025,66.01,68.2,65.04,67.26,78148636
13/01/2025,64.29,65.68,63.4,64.98,69046325
14/01/2025,67.18,68.23,65.19,65.91,56814898
15/01/2025,68.55,68.85,67.08,68.14,56025752
16/01/2025,69.08,71.43,68.36,69.24,62908663
17/01/2025,70.9,72.34,69.95,71.77,54753981
21/01/2025,73.24,73.64,70.6,73.07,56228967
22/01/2025,74.5,77.16,73.8,76.87,66876368
23/01/2025,76.04,79,75.84,78.98,55937896
24/01/2025,79.05,82.24,78.44,78.98,77931906
27/01/2025,74.07,76.72,72.67,75.44,76093325
28/01/2025,75.54,80.74,74.04,80.23,65916656
29/01/2025,79.95,80.82,77.81,79.76,49262158
30/01/2025,80.02,81.83,79.38,81.22,46067527
31/01/2025,81,85.22,80.87,82.49,79000219
03/02/2025,80.13,84.25,78.47,83.74,126592731
04/02/2025,102.8,106.91,100.51,103.83,230806794
05/02/2025,101.78,103.57,99.32,101.36,90792345
06/02/2025,101.09,111.55,100.26,111.28,128217484
07/02/2025,111.66,116.3,110.45,110.85,143795408
10/02/2025,112.03,116.76,108.72,116.65,99938072
11/02/2025,116.5,118.66,112.1,112.62,94311705
12/02/2025,110.29,117.59,110,117.39,75316878
13/02/2025,117.31,118.39,115.15,117.91,60026970
14/02/2025,117.9,120.67,116.8,119.16,65528863
18/02/2025,120.94,125,118.43,124.62,84227164
19/02/2025,123.86,125.41,108.56,112.06,147487261
20/02/2025,102.91,107.4,95.8,106.27,243093928
21/02/2025,107.68,109.07,100,101.35,129063185
24/02/2025,95.88,99.01,89.3,90.68,184484984
25/02/2025,90.65,91.7,85.25,87.84,132626266
26/02/2025,89.16,91.69,87.59,89.31,94846187
27/02/2025,91.91,93.62,84.17,84.77,99680477
28/02/2025,79.98,85.18,78.58,84.92,125977426
03/03/2025,88.55,90.48,82.53,83.42,114573905
04/03/2025,80.16,88.5,79.3,84.4,116800332
05/03/2025,86.35,90.3,82.5,90.13,116052996
06/03/2025,87.51,88.34,80.01,80.46,117340586
07/03/2025,80.03,85.16,79.15,84.91,105377101
10/03/2025,82,82.69,74.57,76.38,136843832
11/03/2025,75.79,80.75,75.53,78.05,109351514
12/03/2025,83.48,84.55,79.86,83.65,116525071
13/03/2025,82.85,83.74,78.32,79.62,100927167
14/03/2025,82.97,87.27,82.16,86.24,113985021
17/03/2025,88.44,88.82,84.5,87.35,99348869
18/03/2025,85.78,86.17,81.8,83.89,93236494
19/03/2025,84.55,87.99,82.86,86.1,89797417
20/03/2025,85.54,89.8,85.12,87.39,105547414
21/03/2025,85.85,91.07,84.46,90.96,116748695
24/03/2025,93.4,97.39,92.28,96.75,112164708
25/03/2025,97.22,98.17,95.08,96.5,78015273
26/03/2025,96.29,97.3,90.82,92.28,82138337
27/03/2025,91.02,93.65,89.67,90.09,82823003
28/03/2025,89.34,89.38,84.1,85.85,91091708
31/03/2025,80,84.65,78.75,84.4,108092868
01/04/2025,83.89,85.28,81.82,84.68,78980662
02/04/2025,82.4,88.41,82.3,87.45,96563137
03/04/2025,81.25,85.68,81.01,83.6,93878189
04/04/2025,80.07,80.98,71.93,74.01,147323190
07/04/2025,66.65,81.8,66.12,77.84,169083704
08/04/2025,83.29,86.11,75.22,77.32,135345594
09/04/2025,78.19,93.33,77.27,92.01,187244271
10/04/2025,88.4,90.78,84.14,88.59,124448216
11/04/2025,87.98,89.55,85.47,88.55,95130683
14/04/2025,95.8,97.33,91.46,92.62,122836852
15/04/2025,93.53,98.99,93.05,98.4,118457651
16/04/2025,96.28,97.3,89.62,92.71,121997637
17/04/2025,94.71,95.11,92.27,93.78,83991760
21/04/2025,92.84,96.48,89.31,90.8,83831145
22/04/2025,93.02,96.34,91.35,93.99,91185377
23/04/2025,98.86,103.76,97.83,100.82,112909507
24/04/2025,101.53,108,100.91,107.78,103190699
25/04/2025,108.05,112.88,106.55,112.78,103933839
28/04/2025,113.78,114.86,108.87,114.65,111082860
29/04/2025,113.98,117.23,113.24,116.08,79709007
30/04/2025,111.61,118.78,110.54,118.44,109461682
01/05/2025,120.04,120.19,116,116.2,90677568
02/05/2025,118.66,124.42,118.63,124.28,103094298
05/05/2025,123.7,125.26,121.36,123.77,135961250
06/05/2025,112.71,113.91,105.32,108.86,201193359
07/05/2025,107.97,111.85,107,110.48,95713676
08/05/2025,112.28,120.38,112.07,119.15,126966207
09/05/2025,118.97,119.16,114.9,117.3,81005270
12/05/2025,120.78,120.94,115.01,118.46,94257341
13/05/2025,119.92,130.6,119.31,128.1,147155359
14/05/2025,129.01,133.49,127.56,130.18,96611470
15/05/2025,128.37,130.2,125.74,128.12,69502967
16/05/2025,129.23,130.33,126.76,129.52,57003724
19/05/2025,124.72,127.77,124.32,126.33,72503922
20/05/2025,127.22,128.2,124.65,125.59,61265310
21/05/2025,125.16,127.11,119.41,120.58,80657671
22/05/2025,121.95,126.33,121.38,122.29,75498278
23/05/2025,120.88,125.54,120.68,123.31,65905836
27/05/2025,126.82,127.88,120.88,123.39,86455174
28/05/2025,124.23,125.65,122.91,123.76,64866004
29/05/2025,125.35,126.47,121.53,122.32,63137904
30/05/2025,123.53,131.94,122.75,131.78,185897579
02/06/2025,131.44,134.48,128.86,132.04,93218744
03/06/2025,133.07,135.28,130.1,133.17,91297662
04/06/2025,132.8,132.95,125.58,130.01,97306314
05/06/2025,129.27,132.85,118.93,119.91,132238651
06/06/2025,123.73,128.13,121.92,127.72,87175144
09/06/2025,127.08,132.23,124.8,132.06,74785580
10/06/2025,131.02,134.07,129.41,132.81,69308929
11/06/2025,133.92,140,132.99,136.39,97366015
12/06/2025,136.4,137.1,134.63,135.19,56248175
13/06/2025,133.82,139.99,133.35,137.4,93519043
16/06/2025,140.03,144.86,139.81,141.41,80779773
17/06/2025,141.49,141.69,136.08,138.2,70479099
18/06/2025,139.04,140.36,137.49,139.96,58260225
20/06/2025,140.69,142.24,136.74,137.3,87067039
23/06/2025,138.9,142.15,135.96,139.92,70501099
24/06/2025,140.98,143.66,137.8,143.23,58574192
25/06/2025,144.49,147.67,141.53,142.9,61435267
26/06/2025,144.85,148.22,142.91,144.25,69440544
27/06/2025,144.87,144.97,130.54,130.74,202598647
30/06/2025,137.79,138.88,134.8,136.32,97305595
01/07/2025,135.27,136.32,128.51,130.68,91479688
02/07/2025,131.47,133.6,130.19,132.12,59731969
03/07/2025,134.36,135.62,132.51,134.36,41812483
07/07/2025,134.38,139.29,132.32,139.12,71959709
08/07/2025,138.78,139.85,135.79,139.71,59834823
09/07/2025,139.66,143.17,137.39,143.13,68494760
10/07/2025,143.31,145.16,139.53,142.5,64383873
11/07/2025,142.11,144.58,141.47,142.1,52134812
14/07/2025,142.72,149.57,142.22,149.15,81774443
15/07/2025,148.93,150.62,147.36,148.58,59126190
16/07/2025,149.3,151.51,147.67,150.91,57636985
17/07/2025,151.56,155.68,150.82,153.99,60165516
18/07/2025,154.86,154.92,151.9,153.52,45771634
21/07/2025,153.88,155.44,151.36,151.79,45072814
22/07/2025,150.85,151.79,145.06,149.07,49880762
23/07/2025,149.74,155,148.29,154.63,48061985
24/07/2025,153.98,155.63,152.57,154.86,38925748
25/07/2025,155.63,160.39,155.58,158.8,57972341
28/07/2025,159.88,160.28,153.04,157.88,63886935
29/07/2025,158.72,160.14,154.91,156.24,42427214
30/07/2025,157.37,159.38,156.56,158.61,40261681
31/07/2025,159.99,160.89,156.73,158.35,45342610
01/08/2025,155.05,158.19,151.06,154.27,61286993
04/08/2025,158.53,161.4,157.93,160.66,82993558
05/08/2025,171.81,176.33,169.22,173.27,130917543
06/08/2025,171.18,180.58,171.01,179.54,82924849
07/08/2025,181.01,184.48,178.17,182.2,77829184
08/08/2025,184.74,187.99,184.41,186.96,62657935
11/08/2025,186.47,187.18,181.92,182.68,56125630
12/08/2025,184.7,190,182.1,186.97,54983765
13/08/2025,189,189.46,183.59,184.37,53610031
14/08/2025,182.41,185.33,179.2,181.02,53472933
15/08/2025,179.73,180,173.38,177.17,60288736
18/08/2025,175.27,177.9,171.39,174.03,62656597
19/08/2025,171.36,172.3,156.9,157.75,137922722
20/08/2025,152.3,156.46,142.34,156.01,220336359
21/08/2025,157.17,157.97,153.81,156.18,94678639
22/08/2025,155.32,163.2,151.77,158.74,102099177
25/08/2025,156.1,158.59,149.37,157.17,86879821
26/08/2025,155.39,162.13,154.57,160.87,86573715
27/08/2025,162.32,162.4,155.98,156.72,76380553
28/08/2025,157.63,158.23,152.55,158.12,57885244
29/08/2025,156.98,158.42,153,156.71,45270502
02/09/2025,151.2,158.39,150.28,157.09,65434969
03/09/2025,158,161.15,152.71,154.9,66052296
04/09/2025,154.87,157.04,153.16,156.14,53292341
05/09/2025,157.82,158.97,148.04,153.11,81855896
08/09/2025,154.91,158.3,154.84,156.1,47642952
09/09/2025,157.25,162.75,156.37,162.36,61359531
10/09/2025,166,169,163.44,166.74,62211418
11/09/2025,167.24,167.46,163.22,164.36,42025501
12/09/2025,165.35,171.53,164.01,171.43,54498535
15/09/2025,169.6,171.8,167.41,171.21,45396116
16/09/2025,171.04,171.31,168.96,170.26,34598658
17/09/2025,169.02,169.68,161.27,168.33,69255497
18/09/2025,170.27,178.8,169.39,176.97,70768631
19/09/2025,177.07,184.42,176.71,182.39,109129929
22/09/2025,180.88,182.25,178.29,179.33,45916684
23/09/2025,182.51,185.75,177.01,182.55,62354834
24/09/2025,183.91,184.85,177.12,179.56,45379666
25/09/2025,175.8,184.32,174.29,179.12,72321194
26/09/2025,179.05,180.12,174.91,177.57,44275794
29/09/2025,179.64,181.48,177.16,178.86,38413753
30/09/2025,178.98,182.77,178.22,182.42,43561729
01/10/2025,181.32,186.28,179.5,184.95,45717299
02/10/2025,186.7,188.2,182.95,187.05,39849210
03/10/2025,186.4,186.84,170.77,173.07,105533447
06/10/2025,179.18,182.95,177.83,179.53,52504240
07/10/2025,180.31,186.18,179.42,182.17,58179256
08/10/2025,182.8,184.26,181.2,183.56,36299659
09/10/2025,183.58,187.62,179.95,185.47,45050252
10/10/2025,185.17,187.1,173.53,175.44,55194034
13/10/2025,178.68,179.22,173.45,177.21,41332442
14/10/2025,176,182.34,170.82,179.74,49261447
15/10/2025,181.66,184.35,176.02,179.62,37372129
16/10/2025,181.78,184.82,176.45,178.12,42870891
17/10/2025,177.75,181.59,173.95,178.15,43421494
20/10/2025,179.49,183.09,177.44,181.59,31975847
21/10/2025,182.06,182.39,178.65,181.51,27528145
22/10/2025,181.93,182.21,169.42,175.49,58263102
23/10/2025,175.45,181.56,175.01,180.48,35812304
24/10/2025,182.88,186.17,182.85,184.63,34813464
27/10/2025,188.97,192.83,187.52,189.18,47153057
28/10/2025,189.48,191.78,186.78,189.6,38201014
29/10/2025,191.08,199.85,190.49,198.81,65537255
30/10/2025,198.43,199.67,194.12,194.55,43541719
31/10/2025,199.2,204.18,197.92,200.47,52697644
03/11/2025,205.05,207.52,201.82,207.18,81016835
04/11/2025,192.07,195.7,185.56,190.74,121380862
05/11/2025,189,190.32,181.21,187.9,76121036
06/11/2025,187.99,191.09,174.53,175.05,78468584
07/11/2025,173.15,178.7,168.91,177.93,73989654
10/11/2025,184.31,194.93,183.52,193.61,87764245
11/11/2025,190.34,192.93,187.13,190.96,49819723
12/11/2025,190.58,190.58,180.4,184.17,55347134
13/11/2025,181.72,182.7,170.73,172.14,63188767
14/11/2025,166.98,177.29,164.5,174.01,62596757
17/11/2025,170.53,174.24,167.68,171.25,50339029
18/11/2025,168.37,172.83,165.5,167.33,53710064
19/11/2025,167.8,169.6,162.42,165.42,46108211
20/11/2025,172.07,174.57,154.4,155.75,78443936
21/11/2025,156.01,158.11,147.56,154.85,71346356
24/11/2025,157.47,165.17,157,162.25,57877788
25/11/2025,160.07,164.65,156.56,163.55,36523528
26/11/2025,166.85,168.34,163.88,165.77,34610541
28/11/2025,167.76,168.8,165.88,168.45,17199497
01/12/2025,165,169.1,163.12,167.49,27779617
02/12/2025,169.59,175.75,169.59,170.69,35367971
03/12/2025,170.14,177.91,168.83,176.08,30541605
04/12/2025,176.37,178.44,174.43,177.92,29217786
05/12/2025,178.23,182.15,177.16,181.76,32079261
08/12/2025,182.21,183.88,179.54,181.49,30456689
09/12/2025,180.97,182.85,180.38,181.84,18937574
10/12/2025,184.95,190.39,182.75,187.91,59397971
11/12/2025,184.8,188.05,180.21,187.54,36843184
12/12/2025,185.81,186.53,177.67,183.57,42427356
15/12/2025,185.08,187.78,180.03,183.25,32796052
16/12/2025,181.66,188.5,181.14,187.75,42070267
17/12/2025,187.72,187.75,176.5,177.29,50424653
18/12/2025,181.51,187.33,181.51,185.69,40221476
19/12/2025,186.74,195,186.73,193.38,76929380
22/12/2025,195.04,198.88,192.43,193.98,36686036
23/12/2025,192.83,195.37,191.74,194.13,24040968
24/12/2025,193.16,195.17,192.83,194.17,11710125
26/12/2025,195.02,196.35,188.62,188.71,26261988
29/12/2025,186.85,187.2,183.64,184.18,28242003
30/12/2025,184.35,184.73,180.7,180.84,23336307
31/12/2025,181.13,181.53,177.25,177.75,22997438
02/01/2026,181.3,181.35,166.35,167.86,60634068
05/01/2026,174.88,175.82,171.79,174.04,39511693
06/01/2026,175.76,180.19,174.77,179.71,34838611
07/01/2026,179.8,187.28,177.66,181.68,45349012
08/01/2026,185.62,185.66,174.37,176.86,47304286
09/01/2026,177.02,178.72,174.75,177.49,31362890
12/01/2026,177.69,182.5,176.34,179.41,34954543
13/01/2026,178.88,181.1,176.14,178.96,27769354
14/01/2026,178.13,181.6,173.95,178.4,33651401
15/01/2026,178.71,180.6,176.53,177.07,31109181
16/01/2026,179.36,182.43,170.01,170.96,59483601
20/01/2026,167.63,171.97,166.24,168.53,36708497
21/01/2026,168.4,169.49,161.11,165.33,47851224
22/01/2026,168.93,169,164.95,165.9,28499472
23/01/2026,167.27,172,166.3,169.6,30285671
26/01/2026,168.21,170.59,167.33,167.47,22777164
27/01/2026,167.48,169.44,164.69,165.7,26542310
28/01/2026,164.4,165.05,157.24,157.35,44822848
29/01/2026,157.63,157.63,147.12,151.86,59846810
30/01/2026,150.05,151,145.14,146.59,47271042
02/02/2026,150.94,151.4,146.65,147.76,72811145
03/02/2026,165.05,165.08,153.12,157.88,113169200
04/02/2026,155.41,155.85,135.68,139.54,113199525
05/02/2026,136.82,137.98,128.32,130.01,93690793
06/02/2026,135.33,137.69,132.35,135.9,62661425
09/02/2026,136.58,145.87,134.78,142.91,58042462
10/02/2026,144.97,145.56,137.77,139.51,56061308
11/02/2026,139.03,139.25,132.95,135.68,52796053
12/02/2026,135.36,135.89,126.56,129.13,74090639
13/02/2026,127.9,133.56,126.23,131.41,49438053
17/02/2026,128.9,134.32,127.29,133.02,48407140
18/02/2026,135.89,140.96,134.87,135.38,59677079
19/02/2026,132.31,136.16,131.01,134.89,42197237
20/02/2026,132.37,136.21,131.17,135.24,53726811
23/02/2026,132.04,132.04,127.39,130.6,52248907
24/02/2026,129.01,130.24,126.37,128.84,46882747
25/02/2026,130.61,136.09,129.18,134.19,52526613
26/02/2026,133.85,137.51,132.63,135.94,44447967
27/02/2026,134.07,138.1,133.98,137.19,58867909
02/03/2026,140.78,147.14,140.52,145.17,72157402
03/03/2026,142.1,147.5,138.2,147.22,66902410
04/03/2026,148.43,154.52,148.06,153.19,59698483
05/03/2026,152.94,156.38,149.61,152.67,50176801
06/03/2026,150.44,161.45,150.29,157.16,74478074
09/03/2026,155.69,158.44,152.97,156.43,47189205
10/03/2026,155.99,156.66,150.14,151.14,47150645
11/03/2026,151.38,153.17,149.33,151.6,33955904
12/03/2026,153.01,155.88,150.98,153.5,54409800
13/03/2026,153.3,154.56,148.58,150.95,42460573
16/03/2026,152.45,153.86,151.17,152.72,32898947
17/03/2026,152.41,156.75,152.12,155.08,37118458
18/03/2026,154.95,156.69,152.61,152.77,32476677
19/03/2026,153.1,156.15,150.5,155.68,33915878
20/03/2026,155.2,156.65,149.09,150.68,48700190
23/03/2026,153.24,161.08,153.24,160.84,57507057
24/03/2026,160.07,162.4,151.64,154.78,56155680
25/03/2026,157.42,160.27,154.85,154.96,38543290
26/03/2026,153.06,153.12,147.25,147.56,43038425
27/03/2026,145.88,145.96,141.56,143.06,35790820
30/03/2026,143.27,144.12,136.3,137.55,41289824
31/03/2026,140.02,147.86,138.97,146.28,45558574
01/04/2026,147,148.3,144.47,146.49,34170985
02/04/2026,143.49,148.51,137.99,148.46,30436963
06/04/2026,148.36,150.61,146.63,147.93,25142245
07/04/2026,146.88,150.27,144.45,150.07,28671081
08/04/2026,154.76,156.28,139.17,140.76,64827655
09/04/2026,139.4,139.54,128.47,130.49,92361443
10/04/2026,128.48,129.2,122.68,128.06,116656837
13/04/2026,130.23,134.42,129.15,132.37,65772822
14/04/2026,134.43,138.07,134,135.7,52786835
15/04/2026,136.79,142.58,134.93,142.15,48389446
16/04/2026,144.29,145.55,139.53,142.76,43746002
17/04/2026,145.32,148.28,143.3,146.39,50657588
20/04/2026,145,147.2,143.83,145.89,33482670
21/04/2026,146.81,149.87,144,145.97,44829991
22/04/2026,148.36,152.68,147.41,152.62,43701459
23/04/2026,149.7,150.29,139.92,141.57,58654421
24/04/2026,142.96,143.33,138.93,143.09,38677156
27/04/2026,141.25,145.07,141.01,143.1,31275434
28/04/2026,142.3,143.85,140.42,141.18,24757214
29/04/2026,139.76,139.76,134.68,137.97,33348063
30/04/2026,138.48,140.2,136.65,139.11,32523580
01/05/2026,143.25,146.44,141.39,144.07,33219903
04/05/2026,147.75,149.64,145.23,146.03,70525850
05/05/2026,140.29,142.98,134.72,135.91,89747094
06/05/2026,133.71,135.7,131.15,133.79,55524829
07/05/2026,135.1,140.95,134.78,137.05,50184875
08/05/2026,135.87,137.88,133.02,137.8,41745393
11/05/2026,134.91,137.14,132.77,136.89,41414474
12/05/2026,136.6,137.43,133.46,136,38781122
13/05/2026,134.01,136.99,128.75,130.05,55189400
14/05/2026,129.65,134.48,129.45,133.73,37052595
15/05/2026,132.8,135.64,132.29,133.99,32629745
18/05/2026,132.5,135.94,131.33,135.14,32034602
19/05/2026,135.17,137.47,133.6,135.26,29777288
20/05/2026,134.15,137.24,132.42,137.15,31307677
21/05/2026,135.8,138.55,135.42,137.42,24311882
22/05/2026,137.43,139.02,134.3,136.88,27578015
26/05/2026,136.16,138.68,133.3,136.6,31723941
27/05/2026,133.3,135.73,131.63,132.51,34159785
28/05/2026,133.16,145,133,143.34,52085169
29/05/2026,147.82,157.78,145.79,156.54,92196609
01/06/2026,159.98,163.7,155.88,160.65,57653963
02/06/2026,156.69,159.55,149.8,152.17,43163089
03/06/2026,149.7,151.68,141.25,142.2,41072511
04/06/2026,145.46,146.37,140.27,141.7,40834014
05/06/2026,140.32,141.97,134.03,135.53,38283522
08/06/2026,135.68,137.76,135.28,136.47,26978870
09/06/2026,134.87,136.99,127.35,132.07,38679991
10/06/2026,129.32,133.19,128.8,130.21,30612640
11/06/2026,128.78,131.52,127.17,131.08,27554474
12/06/2026,130.92,131.09,126.65,127.99,35473589
15/06/2026,130.02,134.98,129.7,134.71,41748206
16/06/2026,134.59,134.59,129.62,133.25,30409933
17/06/2026,131.76,136.1,129.92,130.63,32290785
18/06/2026,130.84,131.43,125.01,128.47,55337988
22/06/2026,125.74,128.87,119.2,119.5,56924494
23/06/2026,120.15,120.94,116.18,116.7,44661866
24/06/2026,114.12,118,112.25,113.5,46520747
25/06/2026,111.38,112.15,106.37,107.27,61840143
26/06/2026,109.04,114.08,108.47,112.93,61360497
29/06/2026,116.23,119.08,114.7,115.7,45017376
30/06/2026,114.95,118.7,114.57,116.67,38069686
01/07/2026,120.05,128.25,119.35,125.73,58561267
02/07/2026,128.99,132.88,127.95,129.3,60789443
06/07/2026,127.24,134.07,126.64,132.54,37360074
07/07/2026,133.73,138.9,131.46,134.37,52570388
08/07/2026,129.49,132.39,126.71,132.22,40587821
09/07/2026,127.72,129.19,124.81,129.04,35286055
10/07/2026,132.14,132.28,125.77,126.79,31162960
13/07/2026,127.3,130.72,126.2,130.04,39786463
14/07/2026,123.61,135.79,122.64,133.72,49963655
15/07/2026,134.34,136.88,132.88,133.76,26064500
16/07/2026,133.08,136.21,128.68,134.44,28951325
17/07/2026,131.79,134.77,129.05,132.38,31875064
20/07/2026,131.88,136.62,131.82,134.85,30571324
21/07/2026,133.83,134.68,131.23,132.66,23161771
22/07/2026,132.22,132.35,123.45,124.57,38588275
23/07/2026,125.94,126.4,120.73,123.37,29757895
24/07/2026,125.17,125.31,122.02,122.92,21177012
27/07/2026,126.16,132.41,125.31,131.53,36708203
28/07/2026,125.84,127.19,117.89,123.53,43597311
29/07/2026,124,127.28,122.45,123,27207863
30/07/2026,121.14,123.67,120.27,122.26,27801632
31/07/2026,122.29,123.39,119.62,123.06,29085068
03/08/2026,126.7,126.97,123.66,125.65,77282940
04/08/2026,145.15,164.52,143.28,162.66,175034726
05/08/2026,162,166.08,158.25,158.43,63515884
06/08/2026,155.87,158,152.7,155.92,41751359
07/08/2026,160.07,172.41,159.96,172.01,77579878
10/08/2026,171.01,179.6,170.87,175.23,57402657
11/08/2026,174.18,177.94,172.72,174.94,43162455
12/08/2026,174.07,175.09,168.34,171.04,35220300
13/08/2026,173.4,179.91,172.33,179.01,36511163
14/08/2026,179.48,180.18,173.8,174.04,24065840
17/08/2026,174.06,176.28,172.3,172.55,24590890
18/08/2026,171.97,174.98,170.61,171.54,28082068
19/08/2026,172.61,176.82,169.77,175.19,36132642
20/08/2026,175.88,176.46,172.03,173.96,27018414
21/08/2026,173.98,182.44,172.55,179.94,41076203
24/08/2026,177.39,178.75,171.31,175.89,35115472
25/08/2026,176.63,179.87,172.2,172.73,24558542
26/08/2026,170.6,178.49,168.9,177.5,27924166
27/08/2026,178.75,186.86,178.01,185.93,40739284
28/08/2026,184.95,188.37,184.38,186.29,25060206
31/08/2026,184.5,187.94,183.79,186.38,25941185
01/09/2026,182.98,186.55,179.75,179.92,24567190
02/09/2026,176.99,177.57,165.71,169.46,39873970
03/09/2026,172.5,185.83,171.91,182.53,38107977
04/09/2026,180.01,182.19,173.67,174.33,27963049
08/09/2026,173.6,175.82,170,170.3,24582319
09/09/2026,171.47,171.86,168.61,169.53,20356816
10/09/2026,167.35,169,164.55,165.86,21330723
11/09/2026,168.1,168.61,165.4,167.23,15410390