scope,strategy,final_value,CAGR,ann_vol,max_drawdown,Sharpe,Sortino,Calmar,turnover,trades,avg_cash
2020-09-30,B0_buy_hold,580109.51078390,0.27570514,0.23262217,-0.30392409,1.16975556,2.33377366,0.90715133,0.95000000,13,40406.07500000
2020-09-30,B1_dca,612753.44937058,0.28919349,0.20442818,-0.24328776,1.35398936,2.67317892,1.18868902,4.78440248,936,15019.08851587
2020-09-30,S1_momentum,1162991.34697528,0.44298414,0.37219780,-0.42226352,1.17365278,2.60646597,1.04907035,31.18354791,256,0.00000000
2020-09-30,S3_rotation,1162991.34697528,0.44298414,0.37219780,-0.42226352,1.17365278,2.60646597,1.04907035,31.18354791,256,0.00000000
2020-09-30,S4_moving_average,606746.13226937,0.31271246,0.51718807,-0.50853449,0.75989321,1.30722427,0.61492870,15.04740643,49,180176.43152436
2020-09-30,S5_dynamic_allocation,764954.61518757,0.33990505,0.25385088,-0.25446980,1.28657991,2.72799288,1.33573830,14.84270424,751,54343.08031813
2020-09-30,S6_risk_parity,501896.28743136,0.23512065,0.15893087,-0.20258563,1.41840515,2.38668265,1.16059881,29.13060510,934,0.00000000
2012-02-06,B0_buy_hold,175298865.96411726,0.60980036,1.28298462,-0.88243670,0.78901470,2.26216034,0.69104147,0.99850225,12,87000.00000000
2012-02-06,B1_dca,1155276.36755433,0.07936139,0.50115544,-0.88245156,0.49592516,0.63010671,0.08993286,87.85577792,186,378794.43358341
2012-02-06,S1_momentum,78434321.13148735,0.56229538,0.50845753,-0.39401543,1.07601561,3.52561771,1.42708975,71.65430968,585,2856302.14941246
2012-02-06,S3_rotation,78434321.13148735,0.56229538,0.50845753,-0.39401543,1.07601561,3.52561771,1.42708975,71.65430968,585,2856302.14971646
2012-02-06,S4_moving_average,2761858.72654145,0.24485216,0.59393116,-0.14150806,0.52519985,0.88966106,1.73030546,2.05116640,14,2467887.17127528
2012-02-06,S5_dynamic_allocation,17424568.56884847,0.40409075,0.37579393,-0.25256352,1.05861445,3.38276889,1.59995692,33.27536050,1512,1497166.91677012
2012-02-06,S6_risk_parity,2086133.17385006,0.18943974,0.16843433,-0.20581841,1.12130531,1.72485835,0.92042174,82.61751043,2099,20345.84542523
