item,status,notes
protocol_data_config_freeze,done,Protocol and repository dataset/config frozen
strategy_families_except_value,done,B0 B1 S1 S3 S4 S5 S6
value,omitted,No comparable point-in-time valuation dataset; not a loser
common_history,done,Completed
expansive_history,done,Completed
cross_history_comparison,done,Completed
pareto_robustness,done,No robust winner
walk_forward,done,Completed; no robust winner
regime_stability,done,Completed
parameter_neighbor_sensitivity,done,Pre-registered; CI validated
universe_sensitivity,done,True leave-one-asset-out; corrected implementation and CI validated
cost_slippage_sensitivity,done,Six pre-registered friction scenarios; CI validated; broad conclusions stable
concentration_dependence,done,Validated leave-one-asset-out dependence synthesized; Risk Parity most universe-dependent
external_universe_validation,done,Frozen 12-ETF unseen universe; generalization test; no strategy changes permitted
reserved_holdout,done,Frozen 10-ETF unseen ticker universe; 2007-01-01 to 2026-09-24; equal-weight 95% invested plus 5% cash; CI run 36213806968 succeeded
statistical_uncertainty,done,Circular moving-block bootstrap; 3/6/12-month blocks; 6-month primary; 5000 replicates; original development histories only
final_phase1_synthesis,done,Final synthesis completed; no robust winner established
robust_winner,none,No robust winner across all frozen dimensions
phase2,ready,Phase 1 complete; Phase 2 remains unstarted and separate
